-- phpMyAdmin SQL Dump
-- version 5.2.1
-- https://www.phpmyadmin.net/
--
-- Host: 127.0.0.1
-- Generation Time: Paź 08, 2023 at 11:35 PM
-- Wersja serwera: 10.4.28-MariaDB
-- Wersja PHP: 8.2.4

SET SQL_MODE = "NO_AUTO_VALUE_ON_ZERO";
START TRANSACTION;
SET time_zone = "+00:00";


/*!40101 SET @OLD_CHARACTER_SET_CLIENT=@@CHARACTER_SET_CLIENT */;
/*!40101 SET @OLD_CHARACTER_SET_RESULTS=@@CHARACTER_SET_RESULTS */;
/*!40101 SET @OLD_COLLATION_CONNECTION=@@COLLATION_CONNECTION */;
/*!40101 SET NAMES utf8mb4 */;

--
-- Database: `cukierki`
--

-- --------------------------------------------------------

--
-- Struktura tabeli dla tabeli `cukierki`
--

CREATE TABLE `cukierki` (
  `KodCukierka` varchar(3) NOT NULL,
  `Nazwa_cukierka` varchar(36) DEFAULT NULL,
  `Typ_czekolady` varchar(13) DEFAULT NULL,
  `Typ_orzechow` varchar(19) DEFAULT NULL,
  `Typ_nadzienia` varchar(15) DEFAULT NULL,
  `Opis` varchar(118) DEFAULT NULL,
  `Koszt` decimal(4,2) DEFAULT NULL,
  `Obrazek` varchar(10) DEFAULT NULL
) ENGINE=InnoDB DEFAULT CHARSET=utf8 COLLATE=utf8_general_ci;

--
-- Dumping data for table `cukierki`
--

INSERT INTO `cukierki` (`KodCukierka`, `Nazwa_cukierka`, `Typ_czekolady`, `Typ_orzechow`, `Typ_nadzienia`, `Opis`, `Koszt`, `Obrazek`) VALUES
('B01', 'Marcepanowa jaskółka', 'Biała', 'Kanadyjskie Laskowe', 'Marcepan', 'Marcepan w formie jaskółki ze skrzydłami z białej czekolady.', 0.34, ''),
('B02', 'Słodka Lilia', 'Biała', 'Brak', 'Brak', 'Ekskluzywna biała czekolada wyrzeźbiona w formie lilii.', 0.27, ''),
('B03', 'Złamane serce', 'Biała', 'Migdały', 'Brak', 'Dwie połówki migdała. każda osadzona w połówce złamanego serca z białej czekolady.', 0.30, ''),
('G01', 'Delikatesowy z migdałami', 'Gorzka', 'Migdały', 'Brak', 'Całe. łuskane ręcznie migdały w gorzkiej czekoladzie.', 0.30, ''),
('G02', 'Serce w plecaku', 'Gorzka', 'Brak', 'Krem wiśniowy', 'Gorzka czekolada z wiśniowym wnętrzem.', 0.32, ''),
('G03', 'Delikatesowy z orzechami nerkowca', 'Gorzka', 'Nerkowiec', 'Brak', 'Gigantyczny cały orzech nerkowca. ręcznie łuskany. w gorzkiej czekoladzie', 0.33, ''),
('G04', 'Migdałowy w polewie mokka', 'Gorzka', 'Migdały', 'Amaretto', 'Klasyczne migdały w czekoladzie amaretto.', 0.44, ''),
('G06', 'Delikatesowy z orzechami laskowymi', 'Słodko-gorzka', 'Laskowe', 'Brak', 'Ręcznie łuskane. całe orzechy laskowe w gorzkiej czekoladzie.', 0.21, ''),
('G07', 'Wiśniowy klasyczny', 'Gorzka', 'Brak', 'Całe wiśnie', 'Cała wiśnia w klasycznej gorzkiej czekoladzie.', 0.28, ''),
('G09', 'Amerykańska piękność', 'Gorzka', 'Brak', 'Brak', 'Pięknie rzeźbiona gorzka czekolada.', 0.24, ''),
('G11', 'Gorzki z marcepanem', 'Gorzka', 'Brak', 'Marcepan', 'Pyszny marcepan w gorzkiej czekoladzie.', 0.38, ''),
('G12', 'Czekoladowe Kiwi', 'Gorzka', 'Brazylijskie', 'Brak', 'fgggfdg fg fg fg fg fgfd gg', 0.29, ''),
('K01', 'Z orzechami włoskimi w polewie mokka', 'Karmel', 'Włoskie', 'Krem mokka', 'Słodka kremowa mokka z orzechami włoskimi w polewie.', 0.19, ''),
('K02', 'Pistacjowy w polewie mokka', 'Karmel', 'Pistacjowe', 'Krem mokka', 'Słodka kremowa mokka z orzechami pistacjowymi.', 0.21, ''),
('M01', 'Słodka truskawka', 'Mleczna', 'Brak', 'Truskawki', 'Truskawki olimpijskie. których słodycz dodatkowo powiększa mleczna czekolada.', 0.20, ''),
('M02', 'Delikatesowy z truskawkami', 'Mleczna', 'Brak', 'Brak', 'Krem truskawkowy w mlecznej czekoladzie.', 0.40, ''),
('M03', 'Delikatesowy z pistacjami', 'Mleczna', 'Pistacjowe', 'Brak', 'Ręcznie łuskane orzechy pistacjowe w mlecznej czekoladzie.', 0.30, ''),
('M04', 'Delikatesowy z masłem orzechowym', 'Mleczna', 'Brak', 'Masło orzechowe', 'Delikatne kremowe masło orzechowe z najlepszych senegalskich orzeszków ziemnych w mlecznej czekoladzie.', 0.21, ''),
('M05', 'Marcepanowy słowik', 'Mleczna', 'Brak', 'Marcepan', 'Marcepan uformowany na kształt słowika z pistacją zamiast dziobu. oblany mleczną czekoladą.', 0.32, ''),
('M06', 'Serce ukochanego', 'Mleczna', 'Brak', 'Krem wiśniowy', 'Mleczna czekolada w kształcie serca ze słodkim wiśniowym nadzieniem.', 0.25, ''),
('M08', 'Marcepanowy liść klonu', 'Mleczna', 'Brak', 'Marcepan', 'Marcepan w postaci delikatnego liścia klony z trzonkiem z mlecznej czekolady.', 0.37, ''),
('M09', 'Słodka malina', 'Mleczna', 'Brak', 'Maliny', 'Maliny prosto z Orkanów osłodzone mleczną czekoladą.', 0.26, ''),
('M10', 'Nie zapomnij mnie', 'Mleczna', 'Brak', 'Jagody', 'Nie możliwa do zapomnienia mleczna czekolada wypełniona jagodami. z delikatnie wypisanymi słowami \"Nie zapomnij mnie\".', 0.19, ''),
('M11', 'Słodki z wisienką', 'Mleczna', 'Brak', 'Całe wiśnie', 'Wiśnie królowej Anny osłodzone kremową mleczną czekoladą.', 0.27, ''),
('M12', 'Słodki z jagodami', 'Mleczna', 'Brak', 'Jagody', 'Alpejskie jagody osłodzone kremową mleczną czekoladą.', 0.25, ''),
('M13', 'Słodki z marmoladą', 'Mleczna', 'Brak', 'Marmolada', 'Marmolada z sewilskich pomarańczy w kremowej mlecznej czekoladzie.', 0.18, ''),
('M14', 'Wiśniowy z orzechami laskowymi', 'Mleczna', 'Laskowe', 'Krem wiśniowy', 'Doskonałe orzechy laskowe oblane kremem wiśniowym i mleczną czekoladą.', 0.26, ''),
('M15', 'Tropikalny', 'Mleczna', 'Brak', 'Wiórki kokosowe', 'Drzewo palmowe z mlecznej czekolady wypełnione wiórkami kokosowymi prosto z Hawajów.', 0.23, ''),
('M16', 'Cud marcepanowy', 'Mleczna', 'Brak', 'Marcepan', 'Marcepan w formie migdała otoczony mleczną czekoladą z napisem \"MMmmm\".', 0.33, ''),
('M17', 'Amaretto z orzechami laskowymi', 'Mleczna', 'Laskowe', 'Amaretto', 'Klasyczny orzech laskowy z amaretto oblany mleczną czekoladą.', 0.36, ''),
('M18', 'Mokka z orzechami laskowymi', 'Mleczna', 'Laskowe', 'Krem mokka', 'Klasyczny orzech laskowy i krem mokka oblane mleczną czekoladą.', 0.33, ''),
('S01', 'Rozkosz przy świecach', 'Słodko-gorzka', 'Nerkowiec', 'Krem mokka', 'Orzech nerkowca w kremie mokka pokryty słodko-gorzką czekoladą. prawdziwa rozkosz na podniebieniu.', 0.30, ''),
('S02', 'Słodko-gorzki jagodowy', 'Słodko-gorzka', 'Brak', 'Jagody', 'Austriackie jagody pokryte słodko-gorzką czekoladą. prosto z bajkowych szczytów Alp.', 0.25, ''),
('S03', 'Marcepanowy liść dębu', 'Słodko-gorzka', 'Brak', 'Marcepan', 'Marcepan uformowany w postaci liścia dębowego z łodygą ze słodko-gorzkiej czekolady.', 0.40, ''),
('S04', 'Słodko-gorzki truskawkowy', 'Słodko-gorzka', 'Brak', 'Krem mokka', 'Truskawki olimpijskie pokryte słodko-gorzką czekoladą. dające prawdziwą świeżość w ustach.', 0.23, ''),
('S05', 'Słodko-gorzki malinowy', 'Słodko-gorzka', 'Brak', 'Maliny', 'Maliny prosto z Orkanów pokryte słodko gorzką czekoladą. poczuj ich morski dotyk.', 0.25, ''),
('S06', 'Słodko-gorzki z marmoladą', 'Słodko-gorzka', 'Brak', 'Marmolada', 'Marmolada pokryta słodko-gorzką czekoladą. uwielbiana przez brytyjskich smakoszy.', 0.17, ''),
('S07', 'Słodko-gorzki wiśniowy', 'Słodko-gorzka', 'Brak', 'Całe wiśnie', 'Wiśnie królowej Anny pokryte słodko-gorzką czekoladą. to naprawdę królewski smak.', 0.26, ''),
('S08', 'Gorzki z orzechami laskowymi', 'Słodko-gorzka', 'Laskowe', 'Brak', 'Klasyczne orzechy laskowe pokryte słodko-gorzką czekoladą.', 0.24, '');

-- --------------------------------------------------------

--
-- Struktura tabeli dla tabeli `dostawcy`
--

CREATE TABLE `dostawcy` (
  `Numer_przewoznika` int(1) NOT NULL,
  `Nazwisko_Dostawcy` varchar(11) DEFAULT NULL,
  `Adres` varchar(17) DEFAULT NULL,
  `Miasto` varchar(19) DEFAULT NULL,
  `KodPocztowy` varchar(5) DEFAULT NULL,
  `StanLubProwincja` varchar(8) DEFAULT NULL,
  `Przesyłki lotnicze` varchar(6) DEFAULT NULL
) ENGINE=InnoDB DEFAULT CHARSET=utf8 COLLATE=utf8_general_ci;

--
-- Dumping data for table `dostawcy`
--

INSERT INTO `dostawcy` (`Numer_przewoznika`, `Nazwisko_Dostawcy`, `Adres`, `Miasto`, `KodPocztowy`, `StanLubProwincja`, `Przesyłki lotnicze`) VALUES
(1, 'Kurierowski', 'Bałtycka3', 'Grodzisk Mazowiecki', '05825', 'idealny', 'FAŁSZ'),
(2, 'Piechota', 'Al.. Zjednoczona3', 'Warszawa', '00000', 'polecany', 'PRAWDA'),
(3, 'Iksiński', 'Bełcka 1', 'Wrocław', '03254', 'rzetelny', 'PRAWDA');

-- --------------------------------------------------------

--
-- Struktura tabeli dla tabeli `klienci`
--

CREATE TABLE `klienci` (
  `Nazwisko` varchar(15) DEFAULT NULL,
  `Imie` varchar(13) DEFAULT NULL,
  `Ulica` varchar(24) DEFAULT NULL,
  `Miasto` varchar(15) DEFAULT NULL,
  `Wojewodztwo/region` varchar(19) DEFAULT NULL,
  `KodPocztowy` varchar(7) DEFAULT NULL,
  `Kraj` varchar(15) DEFAULT NULL,
  `Telefon` varchar(18) DEFAULT NULL,
  `DataOdpowiedzi` varchar(10) DEFAULT NULL,
  `PreferencjeCzekoladowe` varchar(1) DEFAULT NULL,
  `Orzechy` varchar(6) DEFAULT NULL,
  `haslo` varchar(40) DEFAULT NULL,
  `NumerKlienta` int(11) NOT NULL
) ENGINE=InnoDB DEFAULT CHARSET=utf8 COLLATE=utf8_general_ci;

--
-- Dumping data for table `klienci`
--

INSERT INTO `klienci` (`Nazwisko`, `Imie`, `Ulica`, `Miasto`, `Wojewodztwo/region`, `KodPocztowy`, `Kraj`, `Telefon`, `DataOdpowiedzi`, `PreferencjeCzekoladowe`, `Orzechy`, `haslo`, `NumerKlienta`) VALUES
('Ala', 'Basia', NULL, NULL, NULL, NULL, NULL, '565665655656', NULL, NULL, NULL, 'cfe4b71a9b33512e2a689d1e03ac4753', 1),
('Jadowska', 'Teresa', 'Boczna 16 m. 2', 'Łódź', 'łódzkie', '68-942', 'Polska', '(042) 555-2933', '1998-12-31', '1', 'FAŁSZ', '670049d1b984509e836852d5a9e4d810', 2),
('Płudowski', 'Karol', 'Chełmska 1 m. 1', 'Warszawa', 'mazowieckie', '04-608', 'Polska', '(022) 555-5235', '1998-06-06', '2', 'FAŁSZ', '670049d1b984509e836852d5a9e4d810', 3),
('Karbowski', 'Stefan', 'Podleśna 18', 'Izabelin', 'mazowieckie', '08-830', 'Polska', '', '1998-01-02', '3', 'FAŁSZ', '670049d1b984509e836852d5a9e4d810', 4),
('Sitecki', 'Aleksander', 'Topolowa 23 m. 4', 'Warszawa', 'mazowieckie', '01-388', 'Polska', '(022) 555-4729', '1998-03-14', '1', 'FAŁSZ', '670049d1b984509e836852d5a9e4d810', 5),
('Habe', 'Hans', 'Karpfangerstr 11', 'Leipzig', 'Niedersachsen', '43000', 'Niemcy', '(048)(22) 555-3932', '1998-02-02', '2', 'FAŁSZ', '670049d1b984509e836852d5a9e4d810', 6),
('Wojdylak', 'Tomasz', 'Dzielna 1 m. 1', 'Nasielsk', 'mazowieckie', '20-904', 'Polska', '(0238) 55-7355', '1999-04-15', '3', 'FAŁSZ', '670049d1b984509e836852d5a9e4d810', 7),
('Geras', 'Carmen', 'Mickiewicza 2', 'Chwaszczyno', 'kujawsko-pomorskie', '89-654', 'Polska', '(058) 555-2798', '1998-03-04', '2', 'FAŁSZ', '670049d1b984509e836852d5a9e4d810', 8),
('Klonowski', 'Mariusz', 'Ostrobramska 67', 'Wilno', 'Wilno', '654988', 'Litwa', '(098) 555-4646', '1998-07-07', '2', 'FAŁSZ', '670049d1b984509e836852d5a9e4d810', 9),
('Staszewski', 'Andrzej', 'Telewizyjna 3 m. 92', 'Tomaszów', 'świętokrzyskie', '92-111', 'Polska', '(045) 555-3066', '1998-12-03', '1', 'FAŁSZ', '670049d1b984509e836852d5a9e4d810', 10),
('Kilański', 'Tomasz', 'Batorego 19', 'Kobyłka', 'mazowieckie', '01-373', 'Polska', '(022) 555-3944', '1998-04-04', '2', 'FAŁSZ', '670049d1b984509e836852d5a9e4d810', 11),
('Barwacz', 'Janusz', 'Piotrkowska 278 m. 12', 'Łódź', 'łódzkie', '10-001', 'Polska', '(042) 555-4893', '1998-12-12', '3', 'FAŁSZ', '670049d1b984509e836852d5a9e4d810', 12),
('Niewiadomska', 'Bogusława', 'Haftki 14', 'Truskaw', 'mazowieckie', '04-013', 'Polska', '(022) 555-7979', '1998-12-13', '2', 'FAŁSZ', '670049d1b984509e836852d5a9e4d810', 13),
('Borutzki', 'Lucie', 'Banhoffstr. 123', 'Zwiesel', 'Bayern', '55103', 'Niemcy', '', '1998-04-15', '1', 'FAŁSZ', '670049d1b984509e836852d5a9e4d810', 14),
('Jedynak', 'Sławomir', 'Górska 2', 'Michalin', 'mazowieckie', '01-788', 'Polska', '(022) 555-2480', '', '', 'FAŁSZ', '670049d1b984509e836852d5a9e4d810', 15),
('Michalski', 'J.F.', 'Szeroka 19', 'Grzybowa', 'mazowieckie', '09-408', 'Polska', '(022) 555-8089', '', '', 'FAŁSZ', '670049d1b984509e836852d5a9e4d810', 16),
('Wróblewski', 'Stanisław', 'Św. Salezego 14 m. 1', 'Marysin', 'mazowieckie', '09-047', 'Polska', '', '', '', 'FAŁSZ', '670049d1b984509e836852d5a9e4d810', 17),
('Kućko', 'Włodzimierz', 'Nadwiślańska 13', 'Józefów', 'mazowieckie', '01-230', 'Polska', '(022) 555-3455', '', '', 'FAŁSZ', '670049d1b984509e836852d5a9e4d810', 18),
('Zieliński', 'Włodzimierz', 'Kowalska 2/6', 'Bydgoszcz', 'kujawsko-pomorskie', '10-011', 'Polska', '(072) 555-2904', '', '', 'FAŁSZ', '670049d1b984509e836852d5a9e4d810', 19),
('Ostrowidzka', 'Joanna', 'Chmielna 32 m. 90', 'Suwałki', 'podlaskie', '65-212', 'Polska', '(087) 555-2246', '', '', 'FAŁSZ', '670049d1b984509e836852d5a9e4d810', 20),
('Zapalski', 'Władysław', 'Jagiellonów 4', 'Piaseczno', 'mazowieckie', '10-011', 'Polska', '(022) 555-2455', '', '', 'FAŁSZ', '670049d1b984509e836852d5a9e4d810', 21),
('Kołodziejczyk', 'Janusz', 'Warszawska 23 m. 25', 'Liw', 'mazowieckie', '22-102', 'Polska', '', '', '', 'FAŁSZ', '670049d1b984509e836852d5a9e4d810', 22),
('Sroga', 'Andrzej', 'Akademicka 52 pok. 192', 'Kraków', 'małopolskie', '87-501', 'Polska', '(012) 555-7699', '', '', 'PRAWDA', '670049d1b984509e836852d5a9e4d810', 23),
('Bereś', 'Andrzej', 'Stalowa 2', 'Piaseczno', 'mazowieckie', '07-219', 'Polska', '(022) 555-9573', '', '', 'FAŁSZ', '670049d1b984509e836852d5a9e4d810', 24),
('Rudzińska', 'Dorota', 'Mulicka 33', 'Radom', 'mazowieckie', '17-033', 'Polska', '', '', '', 'FAŁSZ', '670049d1b984509e836852d5a9e4d810', 25),
('Jung', 'Rudolf', 'Himmelstr. 1', 'Donau', 'Bayern', '44310', 'Niemcy', '(022) 555-4971', '', '', 'PRAWDA', '670049d1b984509e836852d5a9e4d810', 26),
('Kochanowski', 'Jarosław', 'Andriollego 100', 'Otwock', 'mazowieckie', '09-508', 'Polska', '(022) 555-7584', '', '', 'FAŁSZ', '670049d1b984509e836852d5a9e4d810', 27),
('Hornung', 'R.A.', 'Mała 22/24 m. 39', 'Pleszew', 'wielkopolskie', '92-701', 'Polska', '(012) 555-2983', '', '', 'PRAWDA', '670049d1b984509e836852d5a9e4d810', 28),
('Trąbiński', 'Mateusz', 'Dworcowa 3 m. 4', 'Mińsk Maz.', 'mazowieckie', '06-486', 'Polska', '(094) 555-8712', '', '', 'FAŁSZ', '670049d1b984509e836852d5a9e4d810', 29),
('Mossakowska', 'Dorota', 'Żeglarska 3 m. 3', 'Warszawa', 'mazowieckie', '80-210', 'Polska', '(029) 555-7264', '', '', 'PRAWDA', '670049d1b984509e836852d5a9e4d810', 30),
('Jackowski', 'Donat', 'Klonowska 90', 'Pomiechówek', 'mazowieckie', '01-383', 'Polska', '(022) 555-7209', '', '', 'FAŁSZ', '670049d1b984509e836852d5a9e4d810', 31),
('Havranek', 'Jan', 'Pardubicka 32', 'Ostrava', 'Ostrava', '424-22', 'Czeska Republik', '(022) 555-9345', '', '', 'FAŁSZ', '670049d1b984509e836852d5a9e4d810', 32),
('Adamczyk', 'Iwona', 'Kazimierzowska 1 m. 4', 'Płock', 'mazowieckie', '46-634', 'Polska', '(024) 555-5335', '', '', 'FAŁSZ', '670049d1b984509e836852d5a9e4d810', 33),
('Jankowski', 'Adolf', 'Skrzypów 12', 'Otwock', 'mazowieckie', '06-619', 'Polska', '(022) 555-6476', '', '', 'FAŁSZ', '670049d1b984509e836852d5a9e4d810', 34),
('Gochnio', 'A. I.', 'Wczasowa 45', 'Mrągowo', 'warmińsko-mazurskie', '98-124', 'Polska', '(08984) 5-4747', '', '', 'FAŁSZ', '670049d1b984509e836852d5a9e4d810', 35),
('Głuszko', 'Szczepan', 'Samochodowa 3', 'Nasielsk', 'mazowieckie', '21-964', 'Polska', '(0238) 55-8326', '', '', 'PRAWDA', '670049d1b984509e836852d5a9e4d810', 36),
('Neumann', 'Marek', 'Żelazna 90 m. 4', 'Gliwice', 'śląskie', '68-210', 'Polska', '(032) 555-1395', '', '', 'PRAWDA', '670049d1b984509e836852d5a9e4d810', 37),
('Nowak', 'Anna', 'Konstytucji 11', 'Augustów', 'podlaskie', '94-104', 'Polska', '(0119) 55-6790', '', '', 'FAŁSZ', '670049d1b984509e836852d5a9e4d810', 38),
('Domagalik', 'Tamara', 'Wierchów 12', 'Zbąszyń', 'lubelskie', '68-801', 'Polska', '(056) 555-5757', '', '', 'PRAWDA', '670049d1b984509e836852d5a9e4d810', 39),
('Zawierucha', 'Edward', 'Gazowników 79', 'Wisła', 'śląskie', '90-505', 'Polska', '', '', '', 'FAŁSZ', '670049d1b984509e836852d5a9e4d810', 40),
('Dybowski', 'Janusz', 'Rybacka 12', 'Mielno', 'zachodniopomorskie', '19-381', 'Polska', '(091) 555-8049', '', '', 'PRAWDA', '670049d1b984509e836852d5a9e4d810', 41),
('Kowalska', 'Hanna', 'Lipowa 16 m. 4', 'Pruszków', 'mazowieckie', '05-498', 'Polska', '(022) 555-2179', '', '', 'FAŁSZ', '670049d1b984509e836852d5a9e4d810', 42),
('Szmagier', 'Tomasz', 'Chmielna 6', 'Makówiec', 'łódzkie', '13-521', 'Polska', '(094) 555-2697', '', '', 'FAŁSZ', '670049d1b984509e836852d5a9e4d810', 43),
('Łagodzki', 'Włodzimierz', 'Zielna 34/36', 'Michalin', 'mazowieckie', '01-996', 'Polska', '(022) 555-7450', '', '', 'FAŁSZ', '670049d1b984509e836852d5a9e4d810', 44),
('Teodorowicz', 'Krzysztof', 'Wyszkowska 56', 'Kamieńczyk n/B.', 'mazowieckie', '65-456', 'Polska', '(0216) 55-2536', '', '', 'FAŁSZ', '670049d1b984509e836852d5a9e4d810', 45),
('Noszczyk', 'Sławomir', 'Starej Baśni 2', 'Szczecin', 'zachodniopomorskie', '15-801', 'Polska', '(091) 555-3463', '', '', 'PRAWDA', '670049d1b984509e836852d5a9e4d810', 46),
('Regulska', 'Wioletta', 'Na Skraju 1 m. 88', 'Poznań', 'wielkopolskie', '64-285', 'Polska', '(076) 555-5302', '', '', 'PRAWDA', '670049d1b984509e836852d5a9e4d810', 47),
('Wituch', 'Jolanta', 'Przyjaźni 78', 'Lublin', 'lubelskie', '43-697', 'Polska', '(081) 555-7539', '', '', 'PRAWDA', '670049d1b984509e836852d5a9e4d810', 48),
('Krupa', 'Maciej', 'Antałówka 53', 'Zakopane', 'małopolskie', '34-922', 'Polska', '(0165) 55-1238', '', '', 'FAŁSZ', '670049d1b984509e836852d5a9e4d810', 49),
('Zadziorko', 'Witold', 'Sabały 6 m. 24', 'Zakopane', 'małopolskie', '11-324', 'Polska', '(0165) 55-5622', '', '', 'PRAWDA', '670049d1b984509e836852d5a9e4d810', 50),
('Romański', 'Wojciech', 'Wydawnicza 14', 'Myślenice', 'małopolskie', '66-544', 'Polska', '(012) 555-0493', '', '', 'PRAWDA', '670049d1b984509e836852d5a9e4d810', 51),
('Zaborowski', 'Dariusz', 'Dworcowa 7 m. 3', 'Legionowo', 'mazowieckie', '07-203', 'Polska', '(022) 555-0409', '', '', 'PRAWDA', '670049d1b984509e836852d5a9e4d810', 52),
('Jełmak', 'Janina', 'Konopnickiej 4 m. 12', 'Białystok', 'podlaskie', '77-706', 'Polska', '(085) 555-3651', '', '', 'FAŁSZ', '670049d1b984509e836852d5a9e4d810', 53),
('Jędryczka', 'Małgorzata', 'Nowolipki 1', 'Poznań', 'wielkopolskie', '12-534', 'Polska', '(076) 555-9506', '', '', 'FAŁSZ', '670049d1b984509e836852d5a9e4d810', 54),
('Stańczyk', 'Marek', 'Siewna 37', 'Radom', 'mazowieckie', '21-864', 'Polska', '(048) 555-3168', '', '', 'FAŁSZ', '670049d1b984509e836852d5a9e4d810', 55),
('Domański', 'Jerzy', 'Rusinowa 10 m. 3', 'Otwock', 'mazowieckie', '08-008', 'Polska', '(022) 555-4565', '', '', 'PRAWDA', '670049d1b984509e836852d5a9e4d810', 56),
('Brach', 'Stanisław', 'Kołłątaja 4 m. 56', 'Szczecin', 'zachodniopomorskie', '85-287', 'Polska', '(091) 555-5687', '', '', 'PRAWDA', '670049d1b984509e836852d5a9e4d810', 57),
('Szaniawska', 'Jolanta', 'Szczęśliwicka 54 m. 36', 'Siedlce', 'łódzkie', '88-101', 'Polska', '(094) 555-2935', '', '', 'FAŁSZ', '670049d1b984509e836852d5a9e4d810', 58),
('Kołodziejczyk', 'Alicja', 'Fotografów 1 m. 9', 'Poznań', 'wielkopolskie', '21-985', 'Polska', '(076) 555-4956', '', '', 'FAŁSZ', '670049d1b984509e836852d5a9e4d810', 59),
('Radomska', 'Jolanta', 'Chemików 4 m. 32', 'Jelenia Góra', 'dolnośląskie', '94-706', 'Polska', '(075) 555-7407', '', '', 'FAŁSZ', '670049d1b984509e836852d5a9e4d810', 60),
('Piastowska', 'Iwona', 'Koncertowa 3 m. 56', 'Opole', 'opolskie', '85-306', 'Polska', '(077) 555-5648', '', '', 'FAŁSZ', '670049d1b984509e836852d5a9e4d810', 61),
('Świcarz', 'J.', 'Górczańska 87', 'Wrocław', 'dolnośląskie', '10-125', 'Polska', '(067) 555-3407', '', '', 'FAŁSZ', '670049d1b984509e836852d5a9e4d810', 62),
('Jastrzębski', 'Wiesław', 'Mieńska 33', 'Mrozy', 'łódzkie', '80-202', 'Polska', '(094) 555-6535', '', '', 'FAŁSZ', '670049d1b984509e836852d5a9e4d810', 63),
('Dittrich', 'Krzysztof', 'Niemiecka 3 m. 82', 'Tarnów', 'małopolskie', '11-235', 'Polska', '(014) 555-8503', '', '', 'PRAWDA', '670049d1b984509e836852d5a9e4d810', 64),
('Dziekoński', 'Waldemar', 'Wolności 4 m.2', 'Augustów', 'podlaskie', '24-565', 'Polska', '(0119) 55-3868', '', '', 'PRAWDA', '670049d1b984509e836852d5a9e4d810', 65),
('Duda', 'Jan Paweł', 'Trawiasta 4', 'Gorzów Wlkp.', 'wielkopolskie', '15-556', 'Polska', '(095) 555-7408', '', '', 'FAŁSZ', '670049d1b984509e836852d5a9e4d810', 66),
('Pawlak', 'Elżbieta', 'Warszawska 45 m. 3', 'Poznań', 'wielkopolskie', '49-431', 'Polska', '(076) 555-8604', '', '', 'FAŁSZ', '670049d1b984509e836852d5a9e4d810', 67),
('Ostrowski', 'Szymon', 'Karczewska 98', 'Otwock', 'mazowieckie', '00-388', 'Polska', '(022) 555-8857', '', '', 'PRAWDA', '670049d1b984509e836852d5a9e4d810', 68),
('Przebirowska', 'Elżbieta', 'Podwale 30 m. 4', 'Gdynia', 'pomorskie', '39-115', 'Polska', '(058) 555-4965', '', '', 'PRAWDA', '670049d1b984509e836852d5a9e4d810', 69),
('Figielski', 'Zbigniew', 'Pecola 44', 'Szczecin', 'zachodniopomorskie', '26-505', 'Polska', '(091) 555-3322', '', '', 'FAŁSZ', '670049d1b984509e836852d5a9e4d810', 70),
('Kwiatkowska', 'Eugenia', 'Kaszubska 6', 'Włocławek', 'kujawsko-pomorskie', '27-550', 'Polska', '(054) 555-5235', '', '', 'FAŁSZ', '670049d1b984509e836852d5a9e4d810', 71),
('Sieradzan', 'Grzegorz', 'Piotrkowska 323 m. 1', 'Łódź', 'łódzkie', '96-116', 'Polska', '(042) 555-9757', '', '', 'FAŁSZ', '670049d1b984509e836852d5a9e4d810', 72),
('Grochowski', 'Andrzej', 'Żaglowa 14 m. 3', 'Rumia', 'kujawsko-pomorskie', '79-408', 'Polska', '(058) 555-3442', '', '', 'FAŁSZ', '670049d1b984509e836852d5a9e4d810', 73),
('Gizińska', 'Ewa', 'Ostrowska 1 m. 3', 'Karczew', 'mazowieckie', '07-902', 'Polska', '(022) 555-7699', '', '', 'FAŁSZ', '670049d1b984509e836852d5a9e4d810', 74),
('Górnaś', 'Zenon', 'Trawia 6', 'Ostrów Wlkp.', 'wielkopolskie', '17-013', 'Polska', '(064) 555-6099', '', '', 'FAŁSZ', '670049d1b984509e836852d5a9e4d810', 75),
('Sowiński', 'Tomasz', 'Rewolucyjna 54/56 m. 78', 'Łódź', 'łódzkie', '19-406', 'Polska', '', '', '', 'FAŁSZ', '670049d1b984509e836852d5a9e4d810', 76),
('Kwiatkowski', 'Waldemar', 'Legionistów 44 m. 9', 'Sędziszów', 'świętokrzyskie', '14-240', 'Polska', '(041) 555-5686', '', '', 'FAŁSZ', '670049d1b984509e836852d5a9e4d810', 77),
('Żelazko', 'Magdalena', 'Klonowa 1 m. 1', 'Świder', 'mazowieckie', '08-104', 'Polska', '(022) 555-3453', '', '', 'FAŁSZ', '670049d1b984509e836852d5a9e4d810', 78),
('Holik', 'Iveta', 'Hlavna 18', 'Brno', 'Brno', '443-22', 'Czeska Republik', '(068) 555-2747', '', '', 'PRAWDA', '670049d1b984509e836852d5a9e4d810', 79),
('Rozumska', 'Natalia', 'Makowska 86 m. 2', 'Katowice', 'śląskie', '98-155', 'Polska', '(032) 555-4461', '', '', 'PRAWDA', '670049d1b984509e836852d5a9e4d810', 80),
('Taraszkiewicz', 'Marlena', 'Kujawska 4a', 'Włocławek', 'kujawsko-pomorskie', '22-323', 'Polska', '(054) 555-2658', '', '', 'PRAWDA', '670049d1b984509e836852d5a9e4d810', 81),
('Jędrys', 'Witold', 'Hoża 56 m. 19', 'Nałęczów', 'lubelskie', '20-036', 'Polska', '(081) 555-3567', '', '', 'FAŁSZ', '670049d1b984509e836852d5a9e4d810', 82),
('Wojda', 'Andrzej', 'Ogórkowa 2', 'Otwock', 'mazowieckie', '00-602', 'Polska', '(022) 555-2077', '', '', 'FAŁSZ', '670049d1b984509e836852d5a9e4d810', 83),
('Bromus', 'Peter', 'Fahrstr. 34', 'Rinlad', 'Detmold-Lippe', '6634', 'Niemcy', '(048)(44) 555-6796', '', '', 'FAŁSZ', '670049d1b984509e836852d5a9e4d810', 84),
('Pleszczyńska', 'Anna', 'Wiejska 14', 'Lublin', 'lubelskie', '30-030', 'Polska', '(081) 555-3966', '', '', 'FAŁSZ', '670049d1b984509e836852d5a9e4d810', 85),
('Koehler', 'Robert', 'Polany 8 m. 9', 'Katowice', 'śląskie', '10-956', 'Polska', '(032) 555-2904', '', '', 'FAŁSZ', '670049d1b984509e836852d5a9e4d810', 86),
('Poszypszyńska', 'Wiesława', 'Szkolna 1', 'Małe Ciche', 'małopolskie', '11-743', 'Polska', '(0165) 55-2077', '', '', 'PRAWDA', '670049d1b984509e836852d5a9e4d810', 87),
('Sobieraj', 'Zofia', 'Sienkiewicza 15', 'Zakopane', 'małopolskie', '29-301', 'Polska', '(0165) 55-7835', '', '', 'PRAWDA', '670049d1b984509e836852d5a9e4d810', 88),
('Olejniczak', 'Zbigniew', 'Drewnianego Pinokia 4', 'Szczecin', 'zachodniopomorskie', '03-038', 'Polska', '(091) 555-2093', '', '', 'PRAWDA', '670049d1b984509e836852d5a9e4d810', 89),
('Łuczko', 'Monika', 'Wolska 45', 'Zakopane', 'małopolskie', '36-109', 'Polska', '(0165) 55-7293', '', '', 'FAŁSZ', '670049d1b984509e836852d5a9e4d810', 90),
('Wesołowski', 'Lucjan', 'Koncertowa 18', 'Słupsk', 'pomorskie', '63-132', 'Polska', '(059) 555-5757', '', '', 'FAŁSZ', '670049d1b984509e836852d5a9e4d810', 91),
('Piotrowski', 'Leszek', 'Piwna 80 m. 82', 'Oświęcim', 'śląskie', '90-362', 'Polska', '(030) 555-7689', '', '', 'FAŁSZ', '670049d1b984509e836852d5a9e4d810', 92),
('Rychły', 'Maciej', 'Jorgi 2 m. 2', 'Poznań', 'wielkopolskie', '45-329', 'Polska', '(076) 555-7452', '', '', 'FAŁSZ', '670049d1b984509e836852d5a9e4d810', 93),
('Gaworska', 'Ewa', 'Puławska 31 m. 9', 'Lublin', 'lubelskie', '21-354', 'Polska', '(081) 555-9761', '', '', 'PRAWDA', '670049d1b984509e836852d5a9e4d810', 94),
('Zacharczyk', 'Karol', 'Graniczna 90', 'Zgorzelec', 'dolnośląskie', '92-659', 'Polska', '(075) 555-7855', '', '', 'PRAWDA', '670049d1b984509e836852d5a9e4d810', 95),
('Piątek', 'Katarzyna', 'Mazurska 1', 'Porażyn', 'wielkopolskie', '96-214', 'Polska', '(076) 555-5375', '', '', 'FAŁSZ', '670049d1b984509e836852d5a9e4d810', 96),
('Socha', 'Jacek', 'Wiolinowa 345', 'Poznań', 'wielkopolskie', '33-907', 'Polska', '(076) 555-3488', '', '', 'FAŁSZ', '670049d1b984509e836852d5a9e4d810', 97),
('Fijałkowska', 'Iwona', 'Rusinowa 79', 'Jelenia Góra', 'dolnośląskie', '33-176', 'Polska', '(075) 555-6946', '', '', 'FAŁSZ', '670049d1b984509e836852d5a9e4d810', 98),
('Białowąs', 'Andrzej', 'Klasztorna 7 m. 6', 'Miechów', 'małopolskie', '26-367', 'Polska', '(012) 555-5624', '', '', 'FAŁSZ', '670049d1b984509e836852d5a9e4d810', 99),
('Tabędzka', 'Anna', 'Szwajcarska 3', 'Nowy Dwór Maz.', 'mazowieckie', '01-320', 'Polska', '(022) 555-5759', '', '', 'FAŁSZ', '670049d1b984509e836852d5a9e4d810', 100),
('Kobylarczyk', 'Aniela', 'Gronik 12', 'Groń', 'małopolskie', '95-621', 'Polska', '(0165) 55-3758', '', '', 'FAŁSZ', '670049d1b984509e836852d5a9e4d810', 101),
('Świderski', 'Marek', 'Kolejowa 6 m. 87', 'Mińsk Maz.', 'mazowieckie', '13-765', 'Polska', '(094) 55-3967', '', '', 'PRAWDA', '670049d1b984509e836852d5a9e4d810', 102),
('Palijczuk', 'Dariusz', 'Oficerska 14', 'Zakopane', 'małopolskie', '44-116', 'Polska', '(0165) 55-6875', '', '', 'PRAWDA', '670049d1b984509e836852d5a9e4d810', 103),
('Berent', 'Krystyna', 'Gdańska 8 m. 33', 'Bydgoszcz', 'kujawsko-pomorskie', '53-147', 'Polska', '', '', '', 'PRAWDA', '670049d1b984509e836852d5a9e4d810', 104),
('Turowska', 'Bożena', 'skr. poczt. 55', 'Grudziądz', 'kujawsko-pomorskie', '82-520', 'Polska', '(072) 555-4680', '', '', 'PRAWDA', '670049d1b984509e836852d5a9e4d810', 105),
('Zdrojewski', 'Bogdan', 'Długi Targ 11 m. 98', 'Gdańsk', 'kujawsko-pomorskie', '50-261', 'Polska', '(058) 555-4584', '', '', 'FAŁSZ', '670049d1b984509e836852d5a9e4d810', 106),
('Cabajewska', 'Maria', 'Bazarowa 1', 'Otwock', 'mazowieckie', '05-410', 'Polska', '(022) 555-0446', '', '', 'FAŁSZ', '670049d1b984509e836852d5a9e4d810', 107),
('Krasowski', 'Andrzej', 'Leśników 4 m. 2', 'Janów Lub.', 'lubelskie', '12-872', 'Polska', '(016) 555-4456', '', '', 'FAŁSZ', '670049d1b984509e836852d5a9e4d810', 108),
('Szymankiewicz', 'P. L.', 'Duracza 4', 'Ciechanów', 'mazowieckie', '21-218', 'Polska', '(023) 555-4678', '', '', 'FAŁSZ', '670049d1b984509e836852d5a9e4d810', 109),
('Dróżdż', 'Władysław', 'Przyjaźni 8 m. 12', 'Grodziec', 'śląskie', '97-403', 'Polska', '(032) 555-7555', '', '', 'FAŁSZ', '670049d1b984509e836852d5a9e4d810', 110),
('Szczepańska', 'Danuta', 'Mieńska 35', 'Mrozy', 'łódzkie', '13-905', 'Polska', '(022) 555-0860', '', '', 'PRAWDA', '670049d1b984509e836852d5a9e4d810', 111),
('Domański', 'Andrzej', 'Lubelska 2', 'Krasnystaw', 'lubelskie', '49-103', 'Polska', '', '', '', 'PRAWDA', '670049d1b984509e836852d5a9e4d810', 112),
('Przybysz', 'Ewa', 'Wazowa 1 m. 3', 'Płock', 'mazowieckie', '60-606', 'Polska', '(024) 555-6545', '', '', 'FAŁSZ', '670049d1b984509e836852d5a9e4d810', 113),
('Młodkowska', 'Ewa', 'Fossowskie 19', 'Kolonowskie', 'opolskie', '25-456', 'Polska', '(077) 555-6974', '', '', 'FAŁSZ', '670049d1b984509e836852d5a9e4d810', 114),
('Frejlak', 'Jacek', 'Groń 67', 'Groń', 'małopolskie', '33-431', 'Polska', '(0165) 55-8722', '', '', 'FAŁSZ', '670049d1b984509e836852d5a9e4d810', 115),
('Giera', 'Czesław', 'Bajkowa 56', 'Radość', 'mazowieckie', '01-478', 'Polska', '(022) 555-8862', '', '', 'FAŁSZ', '670049d1b984509e836852d5a9e4d810', 116),
('Gruszczyński', 'Karol', 'Sosnowa 47', 'Zalesie Górne', 'mazowieckie', '09-801', 'Polska', '(022) 555-5934', '', '', 'FAŁSZ', '670049d1b984509e836852d5a9e4d810', 117),
('Korta', 'Henryk', 'Sportowa 44 m. 19', 'Katowice', 'śląskie', '78-759', 'Polska', '(032) 555-4924', '', '', 'FAŁSZ', '670049d1b984509e836852d5a9e4d810', 118),
('Pirsztuk', 'Sławomir', 'Zarzeczna 7 m. 99', 'Sopot', 'kujawsko-pomorskie', '37-743', 'Polska', '(058) 555-5796', '', '', 'FAŁSZ', '670049d1b984509e836852d5a9e4d810', 119),
('Zdziabek', 'Hanna', 'Cicha 1 m. 1', 'Poznań', 'wielkopolskie', '93-401', 'Polska', '(076) 555-6867', '', '', 'PRAWDA', '670049d1b984509e836852d5a9e4d810', 120),
('Solarski', 'Jerzy', 'Beatlesów 3 m. 76', 'Zabrze', 'śląskie', '97-401', 'Polska', '(032) 555-5840', '', '', 'FAŁSZ', '670049d1b984509e836852d5a9e4d810', 121),
('Pietrzak', 'Elżbieta', 'Zachodnia 2 m. 222', 'Łódź', 'łódzkie', '76-318', 'Polska', '(042) 555-2358', '', '', 'PRAWDA', '670049d1b984509e836852d5a9e4d810', 122),
('Jakusiewicz', 'J.', 'Jagniątkowo 46', 'Jagniątkowo', 'dolnośląskie', '54-241', 'Polska', '', '', '', 'FAŁSZ', '670049d1b984509e836852d5a9e4d810', 123),
('Gardoń', 'Józefa', 'Rolna 22', 'Wilno', 'Wilno', '69-5441', 'Litwa', '(046) 555-5754', '', '', 'FAŁSZ', '670049d1b984509e836852d5a9e4d810', 124),
('Marciarz', 'Katarzyna', 'Słowiańska 33 m. 21', 'Gdańsk', 'kujawsko-pomorskie', '21-093', 'Polska', '(058) 555-5635', '', '', 'FAŁSZ', '670049d1b984509e836852d5a9e4d810', 125),
('Wojda', 'Jolanta', 'Siewnikowa 2', 'Otwock', 'mazowieckie', '08-933', 'Polska', '(022) 555-4244', '', '', 'PRAWDA', '670049d1b984509e836852d5a9e4d810', 126),
('Kostrzewa', 'Jerzy', 'Waszyngtona 6', 'Poznań', 'wielkopolskie', '+', 'Polska', '(076) 555-2844', '', '', 'FAŁSZ', '670049d1b984509e836852d5a9e4d810', 127),
('Żelewska-Mirska', 'Krystyna', 'Żytnia 20 m. 35', 'Gdynia', 'pomorskie', '31-780', 'Polska', '(058) 555-4577', '', '', 'PRAWDA', '670049d1b984509e836852d5a9e4d810', 128),
('Kobryń', 'Krystyna', 'Piotrkowska 723/733', 'Łódź', 'łódzkie', '32-195', 'Polska', '(042) 555-7837', '', '', 'PRAWDA', '670049d1b984509e836852d5a9e4d810', 129),
('Prauze', 'Mieczysław', 'Gąsiennicowa 81', 'Poznań', 'wielkopolskie', '78-767', 'Polska', '(076) 555-8878', '', '', 'FAŁSZ', '670049d1b984509e836852d5a9e4d810', 130),
('Kartowicz', 'Mirosław', 'Wiktorska 3 m. 9', 'Zakopane', 'małopolskie', '54-218', 'Polska', '(0165) 55-2958', '', '', 'PRAWDA', '670049d1b984509e836852d5a9e4d810', 131),
('Baranowska', 'Maryla', 'Wolska 3', 'Szklarska Por.', 'dolnośląskie', '72-201', 'Polska', '(075) 555-6430', '', '', 'PRAWDA', '670049d1b984509e836852d5a9e4d810', 132),
('Forecki', 'Michał', 'Jaśkowa 98 m 33', 'Poznań', 'wielkopolskie', '29-445', 'Polska', '(076) 555-9385', '', '', 'FAŁSZ', '670049d1b984509e836852d5a9e4d810', 133),
('Turonek', 'Małgorzata', 'Skowrońska 32 m. 6', 'Szczecin', 'zachodniopomorskie', '89-546', 'Polska', '(091) 555-4459', '', '', 'PRAWDA', '670049d1b984509e836852d5a9e4d810', 134),
('Maślak', 'Andrzej', 'Jaśkowa 33 m. 98', 'Poznań', 'wielkopolskie', '83-201', 'Polska', '(076) 555-9887', '', '', 'PRAWDA', '670049d1b984509e836852d5a9e4d810', 135),
('Krawczyk', 'Aleksander', 'Dobra 16 m. 22', 'Lębork', 'kujawsko-pomorskie', '06-108', 'Polska', '(059) 555-5684', '', '', 'PRAWDA', '670049d1b984509e836852d5a9e4d810', 136),
('Maciata', 'Andrzej Maria', 'Galicy 11', 'Biały Dunajec', 'małopolskie', '54-400', 'Polska', '(0165) 55-2240', '', '', 'FAŁSZ', '670049d1b984509e836852d5a9e4d810', 137),
('Madeyska', 'Maria', 'Krowodrze 18 m. 1', 'Kraków', 'małopolskie', '91-405', 'Polska', '(012) 555-5049', '', '', 'FAŁSZ', '670049d1b984509e836852d5a9e4d810', 138),
('Oświęcimski', 'Marek', 'Janowska 56', 'Warszawa', 'mazowieckie', '02-358', 'Polska', '(022) 555-4785', '', '', 'FAŁSZ', '670049d1b984509e836852d5a9e4d810', 139),
('Pawlak', 'Elżbieta', 'Mrówczyńska 33', 'Poznań', 'wielkopolskie', '10-011', 'Polska', '(076) 555-0496', '', '', 'FAŁSZ', '670049d1b984509e836852d5a9e4d810', 140),
('Grabarz', 'Maria', 'Niewiadomskiego 4', 'Sopot', 'kujawsko-pomorskie', '70-380', 'Polska', '', '', '', 'FAŁSZ', '670049d1b984509e836852d5a9e4d810', 141),
('Bożek', 'Władysław', 'Żeglarska 12', 'Tarnów', 'małopolskie', '98-226', 'Polska', '(022) 555-9574', '', '', 'FAŁSZ', '670049d1b984509e836852d5a9e4d810', 142),
('Naborowski', 'Dariusz', 'Warszawska 3', 'Wilno', 'Wilno', '658245', 'Litwa', '', '', '', 'FAŁSZ', '670049d1b984509e836852d5a9e4d810', 143),
('Kowalski', 'Adam', 'Rudzka 6 m. 5', 'Gliwice', 'śląskie', '44-100', 'Polska', '(032) 555-4668', '', '', 'FAŁSZ', '670049d1b984509e836852d5a9e4d810', 144),
('Skrzypczak', 'Piotr', 'Smutna 14', 'Poznań', 'wielkopolskie', '45-189', 'Polska', '(076) 555-2797', '', '', 'FAŁSZ', '670049d1b984509e836852d5a9e4d810', 145),
('Lorski', 'Józef', 'Wołoska 45 m. 79', 'Warszawa', 'mazowieckie', '03-701', 'Polska', '(022) 555-6354', '', '', 'FAŁSZ', '670049d1b984509e836852d5a9e4d810', 146),
('Pawłowski', 'Wojciech', 'Pieczarkowa 2/4', 'Jasło', 'małopolskie', '90-017', 'Polska', '(0136) 55-3496', '', '', 'FAŁSZ', '670049d1b984509e836852d5a9e4d810', 147),
('Syczewski', 'Przemysław', 'Długa 3 m. 2', 'Helenów', 'mazowieckie', '00-637', 'Polska', '(022) 555-8640', '', '', 'FAŁSZ', '670049d1b984509e836852d5a9e4d810', 148),
('Ulas', 'Zofia', 'Rusinowa 16', 'Pabianice', 'łódzkie', '51-654', 'Polska', '(042) 555-7172', '', '', 'FAŁSZ', '670049d1b984509e836852d5a9e4d810', 149),
('Kamola', 'Remigiusz', 'Wesoła 13 m. 13', 'Poznań', 'wielkopolskie', '20-879', 'Polska', '(076) 555-7857', '', '', 'FAŁSZ', '670049d1b984509e836852d5a9e4d810', 150),
('Sass', 'Andrzej', 'Żaglowa 3 m. 3', 'Sopot', 'kujawsko-pomorskie', '79-408', 'Polska', '(058) 555-5944', '', '', 'FAŁSZ', '670049d1b984509e836852d5a9e4d810', 151),
('Skowroński', 'Marek', 'Koński Kierat 21 m. 4', 'Szczecin', 'zachodniopomorskie', '90-034', 'Polska', '(091) 555-5947', '', '', 'FAŁSZ', '670049d1b984509e836852d5a9e4d810', 152),
('Stoczyński', 'Mieczysław', 'Rynek 7', 'Augustów', 'podlaskie', '93-924', 'Polska', '(0119) 55-9090', '', '', 'FAŁSZ', '670049d1b984509e836852d5a9e4d810', 153),
('Stolarczyk', 'Jacek', 'Wiolinowa 34 m. 67', 'Rabka', 'małopolskie', '93-924', 'Polska', '(0187) 55-7302', '', '', 'FAŁSZ', '670049d1b984509e836852d5a9e4d810', 154),
('Starck', 'Wojciech', 'Braci Wagów 23 m. 789', 'Szklarska Por.', 'dolnośląskie', '97-720', 'Polska', '(075) 555-7080', '', '', 'PRAWDA', '670049d1b984509e836852d5a9e4d810', 155),
('Tomaszewski', 'Robert', 'Wołoska 6', 'Chodaków', 'lubelskie', '03-216', 'Polska', '(067) 555-7567', '', '', 'PRAWDA', '670049d1b984509e836852d5a9e4d810', 156),
('Biedermann', 'Zofia', 'Kamieniec 18 m. 6', 'Zakopane', 'małopolskie', '98-034', 'Polska', '(0165) 55-8275', '', '', 'FAŁSZ', '670049d1b984509e836852d5a9e4d810', 157),
('Misiak', 'Wanda', 'Polna 5', 'Wilno', 'Wilno', '668013', 'Litwa', '', '', '', 'FAŁSZ', '670049d1b984509e836852d5a9e4d810', 158),
('Białokoziewicz', 'Piotr', 'Hoża 65 m. 91', 'Nieporęt', 'mazowieckie', '00-011', 'Polska', '(022) 555-9348', '', '', 'FAŁSZ', '670049d1b984509e836852d5a9e4d810', 159),
('Kurjan', 'Hanna', 'Wólczyńska 92', 'Kampinos', 'mazowieckie', '04-115', 'Polska', '(022) 555-4632', '', '', 'FAŁSZ', '670049d1b984509e836852d5a9e4d810', 160),
('Krukowski', 'Jan', 'Krucza 3 m. 3', 'Pleszew', 'małopolskie', '13-224', 'Polska', '(012) 555-4924', '', '', 'FAŁSZ', '670049d1b984509e836852d5a9e4d810', 161),
('Michalak', 'Ryszard', 'Trawiasta 4a', 'Warszawa-Anin', 'mazowieckie', '00-656', 'Polska', '(022) 555-3313', '', '', 'FAŁSZ', '670049d1b984509e836852d5a9e4d810', 162),
('Palęcki', 'Jacek', 'Rybacka 12', 'Warszawa-Anin', 'mazowieckie', '02-654', 'Polska', '(022) 555-3286', '', '', 'FAŁSZ', '670049d1b984509e836852d5a9e4d810', 163),
('Szymankiewicz', 'Paweł', 'Marynarki Wojennej 34', 'Ustka', 'pomorskie', '83-720', 'Polska', '(059) 555-8097', '', '', 'FAŁSZ', '670049d1b984509e836852d5a9e4d810', 164),
('Wasilewska', 'Zofia', 'Barska 54 m. 23', 'Zegrze', 'mazowieckie', '01-469', 'Polska', '(022) 555-8534', '', '', 'PRAWDA', '670049d1b984509e836852d5a9e4d810', 165),
('Zdyra', 'Tomasz', 'Fawory 3 m. 86', 'Pomiechówek', 'mazowieckie', '03-197', 'Polska', '(022) 555-2485', '', '', 'PRAWDA', '670049d1b984509e836852d5a9e4d810', 166),
('Kenar', 'Urszula', 'Krupówki 23', 'Zakopane', 'małopolskie', '35-320', 'Polska', '(0165) 55-2798', '', '', 'FAŁSZ', '670049d1b984509e836852d5a9e4d810', 167),
('Markiewicz', 'Tomasz', 'Majowa 11', 'Otwock', 'mazowieckie', '06-112', 'Polska', '(022) 555-5348', '', '', 'FAŁSZ', '670049d1b984509e836852d5a9e4d810', 168),
('Szustakiewicz', 'Tomasz', 'Na Uboczu 17', 'Warszawa', 'mazowieckie', '07-110', 'Polska', '(022) 555-5939', '', '', 'FAŁSZ', '670049d1b984509e836852d5a9e4d810', 169),
('Cichowska', 'Joanna', 'Kościelna 18', 'Góra Kalwaria', 'mazowieckie', '09-944', 'Polska', '(022) 555-4234', '', '', 'FAŁSZ', '670049d1b984509e836852d5a9e4d810', 170),
('Żuchowski', 'Dariusz', 'Piękna 3 m. 77', 'Łódź', 'łódzkie', '95-811', 'Polska', '(042) 555-2546', '', '', 'FAŁSZ', '670049d1b984509e836852d5a9e4d810', 171),
('Jabłoński', 'Ryszard', 'Niegocińska 74', 'Warszawa', 'mazowieckie', '00-548', 'Polska', '', '', '', 'FAŁSZ', '670049d1b984509e836852d5a9e4d810', 172),
('Mulicka', 'Dorota', 'Żelazna 9 m. 4', 'Zakopane', 'małopolskie', '91-311', 'Polska', '(0165) 55-2055', '', '', 'FAŁSZ', '670049d1b984509e836852d5a9e4d810', 173),
('Lis', 'Danuta', 'Gęsia 10 m. 9', 'Kraków', 'małopolskie', '33-901', 'Polska', '(012) 555-9645', '', '', 'FAŁSZ', '670049d1b984509e836852d5a9e4d810', 174),
('Gut', 'Beata', 'Moniuszki 16', 'Otwock', 'mazowieckie', '04-935', 'Polska', '(022) 555-7698', '', '', 'FAŁSZ', '670049d1b984509e836852d5a9e4d810', 175),
('Felska', 'Inga', 'Wiązowa 15 m. 20', 'Kraków', 'małopolskie', '79-951', 'Polska', '(012) 555-5235', '', '', 'PRAWDA', '670049d1b984509e836852d5a9e4d810', 176),
('Kacprzak', 'Grzegorz', 'Dworcowa 11', 'Janów Lub.', 'lubelskie', '14-862', 'Polska', '(016) 555-4543', '', '', 'PRAWDA', '670049d1b984509e836852d5a9e4d810', 177),
('Króczyński', 'Waldemar', 'Pawia 56', 'Warszawa', 'mazowieckie', '05-213', 'Polska', '(022) 555-5835', '', '', 'FAŁSZ', '670049d1b984509e836852d5a9e4d810', 178),
('Kraszewski', 'Leszek', 'Giewont 23', 'Warszawa-Pyry', 'mazowieckie', '04-532', 'Polska', '(022) 555-6556', '', '', 'FAŁSZ', '670049d1b984509e836852d5a9e4d810', 179),
('Marszałek', 'Andrzej', 'Żeglarska 45 m. 83', 'Wrocław', 'dolnośląskie', '76-102', 'Polska', '(067) 555-8565', '', '', 'FAŁSZ', '670049d1b984509e836852d5a9e4d810', 180),
('Turski', 'Marcin', 'Domaniewska 44', 'Zakopane', 'małopolskie', '94-301', 'Polska', '(0165) 55-7699', '', '', 'FAŁSZ', '670049d1b984509e836852d5a9e4d810', 181),
('Karlińska', 'Milena', 'Tatrzańska 3 m. 79', 'Poznań', 'wielkopolskie', '94-965', 'Polska', '(076) 555-6840', '', '', 'FAŁSZ', '670049d1b984509e836852d5a9e4d810', 182),
('Oszmaniec', 'Małgorzata', 'Ząbkowska 4/6', 'Brodnica', 'kujawsko-pomorskie', '26-502', 'Polska', '(0511) 55-4245', '', '', 'FAŁSZ', '670049d1b984509e836852d5a9e4d810', 183),
('Plichta', 'Piotr', 'Warszawska 11', 'Białobrzegi', 'mazowieckie', '07-549', 'Polska', '', '', '', 'FAŁSZ', '670049d1b984509e836852d5a9e4d810', 184),
('Przyborski', 'Krzysztof', 'Janowocka 32 m. 4', 'Warszawa', 'mazowieckie', '09-450', 'Polska', '(022) 555-5893', '', '', 'FAŁSZ', '670049d1b984509e836852d5a9e4d810', 185),
('Prekurat', 'Wojciech', 'Praska 1', 'Brodnica', 'kujawsko-pomorskie', '10-095', 'Polska', '(0511) 55-3463', '', '', 'FAŁSZ', '670049d1b984509e836852d5a9e4d810', 186),
('Ptak', 'Romana', 'Nauczycielska 9', 'Pabianice', 'łódzkie', '31-985', 'Polska', '(042) 555-6117', '', '', 'PRAWDA', '670049d1b984509e836852d5a9e4d810', 187),
('Rynkowski', 'Bogdan', 'Lutnicza 10/12', 'Lublin', 'lubelskie', '13-564', 'Polska', '(081) 555-3209', '', '', 'PRAWDA', '670049d1b984509e836852d5a9e4d810', 188),
('Świda', 'Barbara', 'Karłowicza 1/7', 'Słupsk', 'pomorskie', '96-727', 'Polska', '(059) 555-2555', '', '', 'FAŁSZ', '670049d1b984509e836852d5a9e4d810', 189),
('Skulimowski', 'Marek', 'Białostocka 17', 'Augustów', 'podlaskie', '96-813', 'Polska', '(0119) 55-8080', '', '', 'FAŁSZ', '670049d1b984509e836852d5a9e4d810', 190),
('Lisiecka', 'Magdalena', 'Skowrońska 1 m. 3', 'Szczecin', 'zachodniopomorskie', '30-247', 'Polska', '(091) 555-6737', '', '', 'FAŁSZ', '670049d1b984509e836852d5a9e4d810', 191),
('Tracz', 'Piotr', 'Symfonii 66 m. 98', 'Warszawa', 'mazowieckie', '01-327', 'Polska', '(022) 555-2177', '', '', 'FAŁSZ', '670049d1b984509e836852d5a9e4d810', 192),
('Twaróg', 'Maria', 'Przyborska 1', 'Janów Podl.', 'łódzkie', '94-117', 'Polska', '(094) 555-3984', '', '', 'FAŁSZ', '670049d1b984509e836852d5a9e4d810', 193),
('Borysiak', 'Urszula', 'Tatrzańska 4', 'Kraków', 'małopolskie', '06-114', 'Polska', '(012) 555-7395', '', '', 'FAŁSZ', '670049d1b984509e836852d5a9e4d810', 194),
('Nowak', 'Grażyna', 'Witaminowa 12/14', 'Poznań', 'wielkopolskie', '75-201', 'Polska', '(076) 555-5482', '', '', 'FAŁSZ', '670049d1b984509e836852d5a9e4d810', 195),
('Pawlak', 'Waldemar', 'Gęsia 2 m. 3', 'Warszawa', 'mazowieckie', '09-829', 'Polska', '(022) 555-7835', '', '', 'PRAWDA', '670049d1b984509e836852d5a9e4d810', 196),
('Wawryszczuk', 'Jolanta', 'Zamkowa 45 m. 39', 'Lublin', 'lubelskie', '57-718', 'Polska', '(081) 555-5783', '', '', 'FAŁSZ', '670049d1b984509e836852d5a9e4d810', 197),
('Wałaszek', 'Barbara', 'Bielańska 3 m. 72', 'Siedlce', 'łódzkie', '62-274', 'Polska', '(094) 555-5424', '', '', 'FAŁSZ', '670049d1b984509e836852d5a9e4d810', 198),
('Nowicka', 'Marcelina', 'Zielona 14', 'Bytom', 'śląskie', '81-301', 'Polska', '(032) 555-7677', '', '', 'FAŁSZ', '670049d1b984509e836852d5a9e4d810', 199),
('Zubik', 'Roman', 'Warszawska 88', 'Wołomin', 'łódzkie', '98-215', 'Polska', '(022) 555-4372', '', '', 'FAŁSZ', '670049d1b984509e836852d5a9e4d810', 200),
('Adamczewska', 'Jolanta', 'Jaracza 2 m. 64', 'Warszawa', 'mazowieckie', '01-211', 'Polska', '(022) 555-4934', '', '', 'FAŁSZ', '670049d1b984509e836852d5a9e4d810', 201),
('Sikora', 'Anna', 'Nabrzeżna 14 m. 1', 'Augustów', 'podlaskie', '46-816', 'Polska', '(0119) 55-7535', '', '', 'PRAWDA', '670049d1b984509e836852d5a9e4d810', 202),
('Korewo', 'Joanna', 'Wycieczkowa 1', 'Mińsk Maz.', 'łódzkie', '24-568', 'Polska', '(094) 555-2804', '', '', 'PRAWDA', '670049d1b984509e836852d5a9e4d810', 203),
('Aleksandrowicz', 'Mirosław', 'Dworcowa 41 m. 23', 'Radom', 'mazowieckie', '20-008', 'Polska', '(048) 555-3454', '', '', 'FAŁSZ', '670049d1b984509e836852d5a9e4d810', 204),
('Żołdak', 'Leopold', 'Gdańska 4 m. 4', 'Lidzbark Warm.', 'warmińsko-mazurskie', '11-100', 'Polska', '(08983) 5-1812', '', '', 'FAŁSZ', '670049d1b984509e836852d5a9e4d810', 205),
('Hajek', 'Zygmunt', 'Śródziemnomorska 3 m. 71', 'Wrocław', 'dolnośląskie', '10-654', 'Polska', '(067) 555-6477', '', '', 'FAŁSZ', '670049d1b984509e836852d5a9e4d810', 206),
('Bielawa', 'Wacław', 'Bułgarska 17', 'Opole', 'opolskie', '07-042', 'Polska', '(077) 555-6438', '', '', 'FAŁSZ', '670049d1b984509e836852d5a9e4d810', 207),
('Kaczmarek', 'Urszula', 'Grodzka 35 m. 1', 'Słupsk', 'pomorskie', '14-202', 'Polska', '(059) 555-0684', '', '', 'FAŁSZ', '670049d1b984509e836852d5a9e4d810', 208),
('Kozłowski', 'Ireneusz', 'Świerkowa 67 m. 1', 'Praga', 'mazowieckie', '03-604', 'Polska', '(022) 555-7544', '', '', 'PRAWDA', '670049d1b984509e836852d5a9e4d810', 209),
('Szczygielska', 'Dorota', 'Wilcza 56 m. 78', 'Węgorzewo', 'warmińsko-mazurskie', '23-607', 'Polska', '(0117) 55-6799', '', '', 'PRAWDA', '670049d1b984509e836852d5a9e4d810', 210),
('Schwann', 'Andrzej', 'Dobra 22/24 m. 16 a', 'Koszalin', 'zachodniopomorskie', '25-301', 'Polska', '(094) 555-6946', '', '', 'FAŁSZ', '670049d1b984509e836852d5a9e4d810', 211),
('Siemińska', 'Jolanta', 'Długa 16', 'Siemiatycze', 'łódzkie', '09-654', 'Polska', '(022) 555-3356', '', '', 'FAŁSZ', '670049d1b984509e836852d5a9e4d810', 212),
('Antonowicz', 'L.', 'Bartoszewicza 13 m. 9', 'Warszawa', 'mazowieckie', '00-601', 'Polska', '(022) 555-9685', '', '', 'FAŁSZ', '670049d1b984509e836852d5a9e4d810', 213),
('Charliński', 'Witold', 'Foksal 7 m. 30', 'Warszawa', 'mazowieckie', '08-103', 'Polska', '(022) 555-5467', '', '', 'FAŁSZ', '670049d1b984509e836852d5a9e4d810', 214),
('Chodorowski', 'Marian', 'Warszawska 49', 'Milanówek', 'mazowieckie', '04-538', 'Polska', '(022) 555-9799', '', '', 'FAŁSZ', '670049d1b984509e836852d5a9e4d810', 215),
('Cianciara', 'Juliusz', 'Kamieniecka 21', 'Częstochowa', 'śląskie', '32-303', 'Polska', '(034) 555-9573', '', '', 'FAŁSZ', '670049d1b984509e836852d5a9e4d810', 216),
('Ney', 'Michał', 'Amerykańska 12', 'Stargard Szcz.', 'zachodniopomorskie', '32-303', 'Polska', '(092) 555-3466', '', '', 'FAŁSZ', '670049d1b984509e836852d5a9e4d810', 217),
('Świątkowski', 'Bogdan', 'Bułgarska 13 m. 1', 'Łódź', 'łódzkie', '91-344', 'Polska', '', '', '', 'PRAWDA', '670049d1b984509e836852d5a9e4d810', 218),
('Księżyk', 'Marek', 'Szkolna 81/83 m. 21', 'Kraków', 'małopolskie', '91-406', 'Polska', '(012) 555-3543', '', '', 'PRAWDA', '670049d1b984509e836852d5a9e4d810', 219),
('Czepelewska', 'Ewa', 'Zabużańska 11 m. 1', 'Chełm', 'lubelskie', '91-344', 'Polska', '(082) 555-9573', '', '', 'PRAWDA', '670049d1b984509e836852d5a9e4d810', 220),
('Wiertelarz', 'Andrzej', 'Zakonna 98', 'Oświęcim', 'śląskie', '90-002', 'Polska', '(030) 555-9468', '', '', 'FAŁSZ', '670049d1b984509e836852d5a9e4d810', 221),
('Gosk', 'Alina', 'Warszawska 34', 'Czyżew', 'łódzkie', '91-406', 'Polska', '(094) 555-6389', '', '', 'FAŁSZ', '670049d1b984509e836852d5a9e4d810', 222),
('Karnicka', 'Irena', 'Ciechanowska 71', 'Piaseczno', 'mazowieckie', '07-150', 'Polska', '', '', '', 'FAŁSZ', '670049d1b984509e836852d5a9e4d810', 223),
('Masłowska', 'Barbara', 'Akademicka 29', 'Tomaszów', 'świętokrzyskie', '22-894', 'Polska', '(045) 555-1617', '', '', 'FAŁSZ', '670049d1b984509e836852d5a9e4d810', 224),
('Puzio', 'Maria', 'Przyborska 1 m. 10', 'Stalowa Wola', 'podkarpackie', '10-014', 'Polska', '(016) 555-9424', '', '', 'FAŁSZ', '670049d1b984509e836852d5a9e4d810', 225),
('Płużyczko', 'Danuta', 'Ursynowska 33 m. 78', 'Kraniewo', 'mazowieckie', '07-030', 'Polska', '(022) 555-6522', '', '', 'FAŁSZ', '670049d1b984509e836852d5a9e4d810', 226),
('Pańkowski', 'Lech', 'Elektryczna 2 m. 8', 'Kraków', 'małopolskie', '97-006', 'Polska', '(012) 555-6868', '', '', 'FAŁSZ', '670049d1b984509e836852d5a9e4d810', 227),
('Kamiński', 'Ryszard', 'Kaszubska 9 m. 8', 'Michalin', 'mazowieckie', '02-151', 'Polska', '(022) 555-3464', '', '', 'FAŁSZ', '670049d1b984509e836852d5a9e4d810', 228),
('Rogala', 'Krzysztof', 'Kolska 14/3', 'Augustów', 'podlaskie', '87-123', 'Polska', '(0119) 55-2953', '', '', 'FAŁSZ', '670049d1b984509e836852d5a9e4d810', 229),
('Starska', 'Teresa', 'Leśna 13', 'Żegiestów', 'małopolskie', '59-601', 'Polska', '(012) 555-7699', '', '', 'FAŁSZ', '670049d1b984509e836852d5a9e4d810', 230),
('Kołłajtis', 'Jerzy', 'Willowa 2', 'Mrozy', 'łódzkie', '95-150', 'Polska', '(0256) 555-0909', '', '', 'FAŁSZ', '670049d1b984509e836852d5a9e4d810', 231),
('Zamysłowska', 'Iwona', 'Panieńska 72 m.1', 'Nałęczów', 'lubelskie', '94-103', 'Polska', '(081) 555-7357', '', '', 'FAŁSZ', '670049d1b984509e836852d5a9e4d810', 232),
('Gontarek', 'Jerzy', 'Zajęcza 6 m. 9', 'Wisła', 'śląskie', '90-405', 'Polska', '(030) 555-6858', '', '', 'FAŁSZ', '670049d1b984509e836852d5a9e4d810', 233),
('Micińska', 'Anna', 'Chochołowska 49', 'Zakopane', 'małopolskie', '04-657', 'Polska', '(0165) 55-9457', '', '', 'PRAWDA', '670049d1b984509e836852d5a9e4d810', 234),
('Podgórski', 'Włodzimierz', 'Wileńska 234', 'Poronin', 'małopolskie', '98-466', 'Polska', '(0165) 55-9359', '', '', 'PRAWDA', '670049d1b984509e836852d5a9e4d810', 235),
('Korczyk', 'Adolf', 'Puszczańska 7/9', 'Białowieża', 'podlaskie', '78-240', 'Polska', '', '', '', 'FAŁSZ', '670049d1b984509e836852d5a9e4d810', 236),
('Janczak', 'Małgorzata', 'Żurawia 40 m. 41', 'Zalipie', 'małopolskie', '10-463', 'Polska', '(014) 555-4927', '', '', 'FAŁSZ', '670049d1b984509e836852d5a9e4d810', 237),
('Wojnowska', 'Elżbieta', 'Św. Augustyna 4 m. 8', 'Częstochowa', 'śląskie', '90-071', 'Polska', '(034) 555-6902', '', '', 'FAŁSZ', '670049d1b984509e836852d5a9e4d810', 238),
('Rogalińska', 'Halina', 'Mikołaja Reja 21 m. 5', 'Szczecin', 'zachodniopomorskie', '94-117', 'Polska', '(091) 555-5938', '', '', 'FAŁSZ', '670049d1b984509e836852d5a9e4d810', 239),
('Keff', 'Klara', 'Zakopiańska 1', 'Andrychów', 'małopolskie', '46-408', 'Polska', '(0387) 55-3855', '', '', 'PRAWDA', '670049d1b984509e836852d5a9e4d810', 240),
('Dorosiewicz', 'Tadeusz', 'Szkolna 67 m. 2', 'Malbork', 'warmińsko-mazurskie', '65-248', 'Polska', '(055) 555-2749', '', '', 'PRAWDA', '670049d1b984509e836852d5a9e4d810', 241),
('Zięba', 'Ewa', 'Dworcowa 17 m. 9', 'Człuchów', 'kujawsko-pomorskie', '44-035', 'Polska', '(073) 555-6028', '', '', 'FAŁSZ', '670049d1b984509e836852d5a9e4d810', 242),
('Furtak', 'Marek', 'Szkolna 56', 'Radmo', 'mazowieckie', '11-451', 'Polska', '(046) 555-2067', '', '', 'FAŁSZ', '670049d1b984509e836852d5a9e4d810', 243),
('Kubiczek', 'Włodzimierz', 'Wiejska 6 m. 19', 'Nowa Wieś', 'mazowieckie', '01-655', 'Polska', '(048) 555-5146', '', '', 'FAŁSZ', '670049d1b984509e836852d5a9e4d810', 244),
('Stefańska', 'Danuta', 'Warecka 5/7 m. 34', 'Zegrze', 'mazowieckie', '07-754', 'Polska', '', '', '', 'FAŁSZ', '670049d1b984509e836852d5a9e4d810', 245),
('Kokoryn', 'Krzysztof', 'Oficerska 6 m. 90', 'Szczytno', 'warmińsko-mazurskie', '28-479', 'Polska', '(0885) 55-6447', '', '', 'FAŁSZ', '670049d1b984509e836852d5a9e4d810', 246),
('Tur', 'Katarzyna', 'Łemkowska 33 m. 5', 'Rzeszów', 'podkarpackie', '24-422', 'Polska', '(017) 555-8647', '', '', 'FAŁSZ', '670049d1b984509e836852d5a9e4d810', 247),
('Artych', 'Wojciech', 'Marszałkowska 44m. 4', 'Nowy Targ', 'małopolskie', '25-480', 'Polska', '(0187) 55-3062', '', '', 'FAŁSZ', '670049d1b984509e836852d5a9e4d810', 248),
('Madziar', 'Barbara', 'Grochowa 34', 'Szklarska Por.', 'dolnośląskie', '33-625', 'Polska', '(075) 555-7539', '', '', 'PRAWDA', '670049d1b984509e836852d5a9e4d810', 249),
('Marek', 'Barbara', 'Rożka 23 m. 67', 'Przesieka', 'dolnośląskie', '67-816', 'Polska', '(075) 555-2894', '', '', 'PRAWDA', '670049d1b984509e836852d5a9e4d810', 250),
('Ratinow', 'Borys', 'Kaukaska 3 m. 431', 'Kraków', 'małopolskie', '39-115', 'Polska', '(012) 555-5755', '', '', 'PRAWDA', '670049d1b984509e836852d5a9e4d810', 251),
('Dworzańska', 'Małgorzata', 'Gorczańska 88 m. 2', 'Kraków', 'małopolskie', '83-501', 'Polska', '(012) 555-5675', '', '', 'FAŁSZ', '670049d1b984509e836852d5a9e4d810', 252),
('Sypiańska', 'Hanna', 'Wagonowa 4 m.5', 'Małe Ciche', 'małopolskie', '32-154', 'Polska', '(0165) 55-1726', '', '', 'FAŁSZ', '670049d1b984509e836852d5a9e4d810', 253),
('Kojder', 'Jerzyna', 'Plebanka 22', 'Kazimierz', 'lubelskie', '11-560', 'Polska', '(081) 555-0931', '', '', 'FAŁSZ', '670049d1b984509e836852d5a9e4d810', 254),
('Kowner', 'Jacek', 'Biedronkowa 23 m. 11', 'Łódź', 'łódzkie', '52-403', 'Polska', '(042) 555-2738', '', '', 'FAŁSZ', '670049d1b984509e836852d5a9e4d810', 255),
('Karaśkiewicz', 'Krzysztof', 'Biedronkowa 321', 'Szczecin', 'zachodniopomorskie', '98-368', 'Polska', '(091) 555-8274', '', '', 'PRAWDA', '670049d1b984509e836852d5a9e4d810', 256),
('Lisiecka', 'Krystyna', 'Mickiewicza 10 m. 4', 'Bydgoszcz', 'kujawsko-pomorskie', '95-336', 'Polska', '(072) 555-4765', '', '', 'FAŁSZ', '670049d1b984509e836852d5a9e4d810', 257),
('Łapieńska', 'Krystyna', 'Warneńska 84', 'Poznań', 'wielkopolskie', '65-982', 'Polska', '(076) 555-0944', '', '', 'FAŁSZ', '670049d1b984509e836852d5a9e4d810', 258),
('Smajda', 'Marta', 'Kamieniczna 6 m. 1', 'Kraków', 'małopolskie', '92-027', 'Polska', '(012) 555-0807', '', '', 'PRAWDA', '670049d1b984509e836852d5a9e4d810', 259),
('Gorzkowski', 'Andrzej', 'Poniatowskiego 33', 'Józefów', 'mazowieckie', '01-189', 'Polska', '(022) 555-8329', '', '', 'FAŁSZ', '670049d1b984509e836852d5a9e4d810', 260),
('Nowakowski', 'Krzysztof', 'Podleśna 6 m. 35', 'Kielce', 'świętokrzyskie', '95-336', 'Polska', '(041) 555-3479', '', '', 'FAŁSZ', '670049d1b984509e836852d5a9e4d810', 261),
('Różyńska', 'Zofia', 'Marynarki 44', 'Dziwnów', 'zachodniopomorskie', '95-050', 'Polska', '(0936) 55-2965', '', '', 'FAŁSZ', '670049d1b984509e836852d5a9e4d810', 262),
('Konik', 'Tadeusz', 'Nadrzeczna 10 m. 3', 'Kraków', 'małopolskie', '95-831', 'Polska', '(012) 555-5693', '', '', 'FAŁSZ', '670049d1b984509e836852d5a9e4d810', 263),
('Maciaś', 'Jolanta', 'Przedszkolaków 3 m. 12', 'Lublin', 'lubelskie', '65-788', 'Polska', '(081) 555-5150', '', '', 'FAŁSZ', '670049d1b984509e836852d5a9e4d810', 264),
('Głowacka', 'Dorota', 'Romańska 2 m. 2', 'Pabianice', 'łódzkie', '45-840', 'Polska', '', '', '', 'FAŁSZ', '670049d1b984509e836852d5a9e4d810', 265),
('Prugar', 'Zbigniew', 'Berlińska 85 m. 3', 'Sobieszewo', 'kujawsko-pomorskie', '40-601', 'Polska', '(058) 555-8588', '', '', 'FAŁSZ', '670049d1b984509e836852d5a9e4d810', 266),
('Wiatr', 'Anna', 'Nadwiślańska 3 m. 3', 'Kraków', 'małopolskie', '25-433', 'Polska', '(012) 555-2714', '', '', 'FAŁSZ', '670049d1b984509e836852d5a9e4d810', 267),
('Latała', 'Jolanta', 'Turystyczna 85', 'Pyrzyce', 'zachodniopomorskie', '80-461', 'Polska', '(092) 555-6553', '', '', 'FAŁSZ', '670049d1b984509e836852d5a9e4d810', 268),
('Izbrecht', 'Barbara', 'Noakowskiego 16 m. 18a', 'Warszawa', 'mazowieckie', '01-972', 'Polska', '(022) 555-3242', '', '', 'FAŁSZ', '670049d1b984509e836852d5a9e4d810', 269),
('Micek', 'Wojciech', 'Trzech Sióstr 12', 'Pyrzyce', 'zachodniopomorskie', '95-991', 'Polska', '(092) 555-7689', '', '', 'PRAWDA', '670049d1b984509e836852d5a9e4d810', 270),
('Pieńkos', 'Jacek', 'Podchorążych 14 m. 8', 'Szczytno', 'warmińsko-mazurskie', '85-926', 'Polska', '(0885) 55-8924', '', '', 'PRAWDA', '670049d1b984509e836852d5a9e4d810', 271),
('Klimek', 'Sławomir', 'Partęczyny 3', 'Brodnica', 'kujawsko-pomorskie', '92-354', 'Polska', '(0511) 55-5466', '', '', 'FAŁSZ', '670049d1b984509e836852d5a9e4d810', 272),
('Morozowska', 'Krystyna', 'Teatralna 5 m. 33', 'Warszawa', 'mazowieckie', '04-118', 'Polska', '(022) 555-9043', '', '', 'FAŁSZ', '670049d1b984509e836852d5a9e4d810', 273),
('Przygodzki', 'Andrzej', 'Bartłomieja 12', 'Kraków', 'małopolskie', '15-222', 'Polska', '(012) 555-1414', '', '', 'FAŁSZ', '670049d1b984509e836852d5a9e4d810', 274),
('Szeptycki', 'Lech', 'Lipowa 86 m. 4', 'Zakopane', 'małopolskie', '60-465', 'Polska', '', '', '', 'FAŁSZ', '670049d1b984509e836852d5a9e4d810', 275),
('Sobańska', 'Krystyna', 'Włościańska 3 m. 243', 'Warszawa', 'mazowieckie', '06-301', 'Polska', '(022) 555-8460', '', '', 'FAŁSZ', '670049d1b984509e836852d5a9e4d810', 276),
('Medwedowska', 'Maryla', 'Żoliborska 3 m. 22', 'Kampinos', 'mazowieckie', '01-565', 'Polska', '(022) 555-0017', '', '', 'PRAWDA', '670049d1b984509e836852d5a9e4d810', 277),
('Oleczek', 'Ewa', 'Kinowa 22 m. 10', 'Gdańsk', 'kujawsko-pomorskie', '80-526', 'Polska', '(058) 555-7577', '', '', 'FAŁSZ', '670049d1b984509e836852d5a9e4d810', 278),
('Gąsecki', 'Piotr', 'Grochowska 224 m. 6', 'Siedlce', 'łódzkie', '68-777', 'Polska', '(094) 555-1102', '', '', 'FAŁSZ', '670049d1b984509e836852d5a9e4d810', 279),
('Stradomska', 'Regina', 'Częstochowska 23 m. 8', 'Kielce', 'świętokrzyskie', '17-013', 'Polska', '(041) 555-9786', '', '', 'FAŁSZ', '670049d1b984509e836852d5a9e4d810', 280),
('Walczowski', 'Rodryk', 'Smocza 19 m. 17', 'Kraków', 'małopolskie', '14-853', 'Polska', '(012) 555-9679', '', '', 'FAŁSZ', '670049d1b984509e836852d5a9e4d810', 281),
('Szarek', 'Jacek', 'Jaśkowa Dolina 1/3', 'Gdańsk', 'kujawsko-pomorskie', '65-187', 'Polska', '(058) 555-6603', '', '', 'FAŁSZ', '670049d1b984509e836852d5a9e4d810', 282),
('Tarnawski', 'Wacław', 'Grottgera 12/16 m. 8', 'Oświęcim', 'śląskie', '90-746', 'Polska', '(030) 555-5757', '', '', 'PRAWDA', '670049d1b984509e836852d5a9e4d810', 283),
('Rogoziński', 'Piotr', 'Szpitalna 9 m. 1', 'Kraków', 'małopolskie', '95-148', 'Polska', '(012) 555-7837', '', '', 'FAŁSZ', '670049d1b984509e836852d5a9e4d810', 284),
('Stelmaszczyk', 'Tomasz', 'Kaliska 43 m. 3', 'Żychlin', 'łódzkie', '54-303', 'Polska', '(024) 555-5093', '', '', 'FAŁSZ', '670049d1b984509e836852d5a9e4d810', 285),
('Jaworek', 'Bogdan', 'Chełmżyńska 154', 'Warszawa', 'mazowieckie', '04-604', 'Polska', '(022) 555-7424', '', '', 'FAŁSZ', '670049d1b984509e836852d5a9e4d810', 286),
('Kwiatkowski', 'Piotr', 'Polna 14 m. 67', 'Warszawa', 'mazowieckie', '07-013', 'Polska', '(022) 555-7273', '', '', 'FAŁSZ', '670049d1b984509e836852d5a9e4d810', 287),
('Wencel', 'Włodzimierz', 'Szpitalna 15', 'Bielsko-Biała', 'śląskie', '90-102', 'Polska', '', '', '', 'FAŁSZ', '670049d1b984509e836852d5a9e4d810', 288),
('Leśniewska', 'Katarzyna', 'Hołdu Pruskiego 19', 'Gdańsk', 'kujawsko-pomorskie', '90-019', 'Polska', '(058) 555-4756', '', '', 'FAŁSZ', '670049d1b984509e836852d5a9e4d810', 289),
('Kołodziej', 'Anna', 'Czterech Wiatrów 2', 'Kraków', 'małopolskie', '82-492', 'Polska', '(012) 555-4466', '', '', 'FAŁSZ', '670049d1b984509e836852d5a9e4d810', 290),
('Styczyński', 'Arkadiusz', 'Al. Krakowska 234 m. 56', 'Warszawa', 'mazowieckie', '02-656', 'Polska', '(022) 555-0589', '', '', 'FAŁSZ', '670049d1b984509e836852d5a9e4d810', 291),
('Gawryś', 'Andrzej', 'Mickiewicza 33 m. 34', 'Warszawa', 'mazowieckie', '06-517', 'Polska', '', '', '', 'FAŁSZ', '670049d1b984509e836852d5a9e4d810', 292),
('Nowak', 'Balbina', 'Szkolna 1', 'Radom', 'mazowieckie', '79-764', 'Polska', '(048) 555-6888', '', '', 'FAŁSZ', '670049d1b984509e836852d5a9e4d810', 293),
('Jaskólski', 'Paweł', 'Mokotowska 55 m. 23', 'Warszawa', 'mazowieckie', '02-306', 'Polska', '(022) 555-5935', '', '', 'PRAWDA', '670049d1b984509e836852d5a9e4d810', 294),
('Kinder', 'Moedchen', 'Kinderwagenstr. 33', 'Berlin', 'Sachsen', '00233', 'Niemcy', '', '', '', 'PRAWDA', '670049d1b984509e836852d5a9e4d810', 295),
('Dominiak', 'Irena', 'Dobra 9 m. 74', 'Ostrołęka', 'mazowieckie', '65-655', 'Polska', '(029) 555-8015', '', '', 'FAŁSZ', '670049d1b984509e836852d5a9e4d810', 296),
('Ferenc', 'Ewa', 'Kaktusowa 41', 'Warszawa', 'mazowieckie', '09-032', 'Polska', '(022) 555-8593', '', '', 'FAŁSZ', '670049d1b984509e836852d5a9e4d810', 297),
('Podhalański', 'Ireneusz', 'Kraniewska 3', 'Opole', 'opolskie', '48-104', 'Polska', '(077) 555-5735', '', '', 'PRAWDA', '670049d1b984509e836852d5a9e4d810', 298),
('Kopertyński', 'Jerzy', 'Wesoła 9', 'Nowa Ruda', 'śląskie', '59-801', 'Polska', '(032) 555-5834', '', '', 'PRAWDA', '670049d1b984509e836852d5a9e4d810', 299),
('Kropiwnicka', 'Małgorzata', 'Niecała 13 m. 14', 'Warszawa', 'mazowieckie', '00-666', 'Polska', '(022) 555-6449', '', '', 'FAŁSZ', '670049d1b984509e836852d5a9e4d810', 300),
('Łubiarz', 'Zbigniew', 'Stara 13 m. 8', 'Siedlce', 'łódzkie', '20-815', 'Polska', '(094) 555-5834', '', '', 'PRAWDA', '670049d1b984509e836852d5a9e4d810', 301),
('Kuc', 'Maria', 'Karłowicza 1/7 m. 100', 'Warszawa', 'mazowieckie', '02-442', 'Polska', '(022) 555-6207', '', '', 'FAŁSZ', '670049d1b984509e836852d5a9e4d810', 302),
('Rakowska', 'Barbara', 'Stegny 14 m. 16', 'Warszawa', 'mazowieckie', '07-101', 'Polska', '(022) 555-5454', '', '', 'FAŁSZ', '670049d1b984509e836852d5a9e4d810', 303),
('Świerczkowa', 'Zuzanna', 'Szkolna 1 m. 67', 'Praga', 'mazowieckie', '07-914', 'Polska', '(022) 555-2626', '', '', 'PRAWDA', '670049d1b984509e836852d5a9e4d810', 304),
('Furmańczyk', 'Irmina', 'Świętokrzyska 3 m. 45', 'Kielce', 'świętokrzyskie', '21-152', 'Polska', '(041) 555-3897', '', '', 'FAŁSZ', '670049d1b984509e836852d5a9e4d810', 305);
INSERT INTO `klienci` (`Nazwisko`, `Imie`, `Ulica`, `Miasto`, `Wojewodztwo/region`, `KodPocztowy`, `Kraj`, `Telefon`, `DataOdpowiedzi`, `PreferencjeCzekoladowe`, `Orzechy`, `haslo`, `NumerKlienta`) VALUES
('Mazurek', 'Anna', 'Falenicka 3 m. 8', 'Warszawa', 'mazowieckie', '08-232', 'Polska', '(022) 555-7646', '', '', 'PRAWDA', '670049d1b984509e836852d5a9e4d810', 306),
('Załoga', 'Marek', 'Widok 6 m. 4', 'Warszawa', 'mazowieckie', '00-001', 'Polska', '(022) 555-9385', '', '', 'PRAWDA', '670049d1b984509e836852d5a9e4d810', 307),
('Tatarewicz', 'Magda', 'Chłodna 19 m. 2', 'Warszawa', 'mazowieckie', '01-006', 'Polska', '(022) 555-8936', '', '', 'FAŁSZ', '670049d1b984509e836852d5a9e4d810', 308),
('Piszcz', 'Barbara', 'Dolinowa 7 m. 43', 'Łódź', 'łódzkie', '65-613', 'Polska', '(042) 555-6394', '', '', 'FAŁSZ', '670049d1b984509e836852d5a9e4d810', 309),
('Molski', 'Marcin', 'Chemików 34b', 'Poznań', 'wielkopolskie', '70-058', 'Polska', '', '', '', 'FAŁSZ', '670049d1b984509e836852d5a9e4d810', 310),
('Kuziński', 'Andrzej', 'Fabryczna 17', 'Łódź', 'łódzkie', '29-574', 'Polska', '(042) 555-3454', '', '', 'FAŁSZ', '670049d1b984509e836852d5a9e4d810', 311),
('Wojtkowska', 'Katarzyna', 'Baonu Parasol 8 m. 27', 'Warszawa', 'mazowieckie', '02-110', 'Polska', '(022) 555-5156', '', '', 'PRAWDA', '670049d1b984509e836852d5a9e4d810', 312),
('Gruszczyńska', 'Katarzyna', 'Dębowa 2', 'Zalesie Górne', 'mazowieckie', '00-053', 'Polska', '', '', '', 'FAŁSZ', '670049d1b984509e836852d5a9e4d810', 313),
('Magier', 'Elżbieta', 'Przyjaciół 2 m. 10', 'Pabianice', 'łódzkie', '02-205', 'Polska', '(042) 555-4960', '', '', 'PRAWDA', '670049d1b984509e836852d5a9e4d810', 314),
('Krumschmidt', 'Robert', 'Blumenstr. 55', 'Braunschweig', 'Niedersachsen', '3300', 'Niemcy', '(022) 555-7484', '', '', 'FAŁSZ', '670049d1b984509e836852d5a9e4d810', 315),
('Matlak', 'Joanna', 'Tatrzańska 10 m. 230', 'Warszawa', 'mazowieckie', '08-801', 'Polska', '(022) 555-6788', '', '', 'PRAWDA', '670049d1b984509e836852d5a9e4d810', 316),
('Szczotka', 'Tadeusz', 'Szpitalna 3 m. 32', 'Bielsko-Biała', 'śląskie', '90-607', 'Polska', '(030) 555-6579', '', '', 'FAŁSZ', '670049d1b984509e836852d5a9e4d810', 317),
('Para', 'Maria', 'Białka 43', 'Białka Tatrz.', 'małopolskie', '58-710', 'Polska', '(0165) 55-2944', '', '', 'PRAWDA', '670049d1b984509e836852d5a9e4d810', 318),
('Adamowicz', 'Aleksander', 'Leśniczówka \"Staw\"', 'Otwock', 'mazowieckie', '05-464', 'Polska', '(022) 555-0900', '', '', 'FAŁSZ', '670049d1b984509e836852d5a9e4d810', 319),
('Gidrewicz', 'Joanna', 'Warszawska 10 m. 10', 'Poznań', 'wielkopolskie', '65-221', 'Polska', '(076) 555-9432', '', '', 'PRAWDA', '670049d1b984509e836852d5a9e4d810', 320),
('Poniatowska', 'Barbara', 'Zielona 44 m.12', 'Łódź', 'łódzkie', '96-424', 'Polska', '(042) 555-1647', '', '', 'FAŁSZ', '670049d1b984509e836852d5a9e4d810', 321),
('Podosek', 'Gabriela', 'Wolność 2a', 'Warszawa', 'mazowieckie', '05-205', 'Polska', '(022) 555-6874', '', '', 'FAŁSZ', '670049d1b984509e836852d5a9e4d810', 322),
('Witczak', 'Jarosław', 'Kolejowa 14 m. 6', 'Radom', 'mazowieckie', '20-907', 'Polska', '(048) 555-9423', '', '', 'FAŁSZ', '670049d1b984509e836852d5a9e4d810', 323),
('Nowotny', 'Andrzej', 'Jędryczkowa 12 m. 3', 'Poznań', 'wielkopolskie', '15-356', 'Polska', '(076) 555-6504', '', '', 'PRAWDA', '670049d1b984509e836852d5a9e4d810', 324),
('Lewandowski', 'Jan', 'Niecała 3 m 9', 'Płock', 'mazowieckie', '98-052', 'Polska', '(024) 555-7641', '', '', 'FAŁSZ', '670049d1b984509e836852d5a9e4d810', 325),
('Zdrojek', 'Krystyna', 'Conrada 4 m. 110', 'Warszawa', 'mazowieckie', '01-789', 'Polska', '111111111', '', '0', 'FAŁSZ', '670049d1b984509e836852d5a9e4d810', 326),
('Michalski', 'Jan', 'Wincentego 19', 'Grzybowa', 'mazowieckie', '04-321', 'Polska', '', '1996-11-04', '3', 'FAŁSZ', '670049d1b984509e836852d5a9e4d810', 327),
('Kowalski', 'Jan', NULL, NULL, NULL, NULL, NULL, '333333333', NULL, NULL, NULL, 'cfe4b71a9b33512e2a689d1e03ac4753', 2001),
('Xyz', 'abc', 'vbnnb', 'hghghj', NULL, 'jhjh', 'hjjhgh', '444444444', NULL, NULL, NULL, 'cfe4b71a9b33512e2a689d1e03ac4753', 2002),
('kowalski', 'jan', 'vbnnb', 'hhj', NULL, 'jhjh', 'hjjhgh', '845678342', NULL, NULL, NULL, 'cfe4b71a9b33512e2a689d1e03ac4753', 2003),
('jjghjhjg', 'yjhyjh', NULL, NULL, NULL, NULL, NULL, '4444444447', NULL, NULL, NULL, 'cfe4b71a9b33512e2a689d1e03ac4753', 2004),
('jjghjhjg', 'yjhyjh', NULL, NULL, NULL, NULL, NULL, '55557897', NULL, NULL, NULL, 'cfe4b71a9b33512e2a689d1e03ac4753', 2005),
('jjghjhjg', 'yjhyjh', NULL, NULL, NULL, NULL, NULL, '44444444476', NULL, NULL, NULL, 'cfe4b71a9b33512e2a689d1e03ac4753', 2006);

-- --------------------------------------------------------

--
-- Struktura tabeli dla tabeli `klienci_kredyt`
--

CREATE TABLE `klienci_kredyt` (
  `NumerKlienta` int(3) NOT NULL,
  `LimitKredytu` decimal(5,2) DEFAULT NULL,
  `Saldo` decimal(6,2) DEFAULT NULL,
  `ZaleglePlatności` decimal(5,2) DEFAULT NULL
) ENGINE=InnoDB DEFAULT CHARSET=utf8 COLLATE=utf8_general_ci;

--
-- Dumping data for table `klienci_kredyt`
--

INSERT INTO `klienci_kredyt` (`NumerKlienta`, `LimitKredytu`, `Saldo`, `ZaleglePlatności`) VALUES
(1, 250.00, 125.00, 0.00),
(3, 250.00, 96.50, 48.35),
(12, 250.00, 65.73, 45.10),
(15, 400.00, 125.00, 0.00),
(145, 400.00, 125.45, 0.00);

-- --------------------------------------------------------

--
-- Struktura tabeli dla tabeli `koszyki`
--

CREATE TABLE `koszyki` (
  `IdKoszyka` varchar(4) NOT NULL,
  `NazwaKoszyka` varchar(19) DEFAULT NULL,
  `Opis` varchar(176) DEFAULT NULL,
  `PoraRoku` varchar(6) DEFAULT NULL
) ENGINE=InnoDB DEFAULT CHARSET=utf8 COLLATE=utf8_general_ci;

--
-- Dumping data for table `koszyki`
--

INSERT INTO `koszyki` (`IdKoszyka`, `NazwaKoszyka`, `Opis`, `PoraRoku`) VALUES
('5', 'test', NULL, NULL),
('JESI', 'Asortyment jesienny', 'Koszyk pełen jesiennych przysmaków- Klonów marcepanowych, Liści dębu oraz Jaskółek.', 'Jesień'),
('LATO', 'Próbka letnia', 'Jagody, maliny oraz truskawki, sprawiające radość przez całe lato.', 'Lato'),
('WIOS', 'Wiosna w powietrzu', 'Nasz klasyczny, romantyczny asortyment - Ambrozja migdałowa, Ekstaza przy świecach, Amerykańska piękność, Serce w plecaku, Nie zapomnij mnie, Złamane serce oraz Serce kochanka.', 'Wiosna');

-- --------------------------------------------------------

--
-- Struktura tabeli dla tabeli `pracownicy`
--

CREATE TABLE `pracownicy` (
  `NumerPracownika` int(2) NOT NULL,
  `Imie` varchar(10) DEFAULT NULL,
  `Nazwisko` varchar(9) DEFAULT NULL,
  `Stanowisko` varchar(20) DEFAULT NULL,
  `Wewnetrzny` int(3) DEFAULT NULL,
  `NazwaDzialu` varchar(9) DEFAULT NULL,
  `DataUrodzenia` date DEFAULT NULL,
  `DataZatrudnienia` date DEFAULT NULL,
  `Wolny` varchar(6) DEFAULT NULL,
  `Klasyfikacja` varchar(8) DEFAULT NULL
) ENGINE=InnoDB DEFAULT CHARSET=utf8 COLLATE=utf8_general_ci;

--
-- Dumping data for table `pracownicy`
--

INSERT INTO `pracownicy` (`NumerPracownika`, `Imie`, `Nazwisko`, `Stanowisko`, `Wewnetrzny`, `NazwaDzialu`, `DataUrodzenia`, `DataZatrudnienia`, `Wolny`, `Klasyfikacja`) VALUES
(0, 'Dominik', 'Borucka', 'WP marketingu', 134, 'Marketing', '1951-12-17', '1990-05-30', 'PRAWDA', 'Menadżer'),
(1, 'Dominik', 'Borucka', 'WP marketingu', 134, 'Marketing', '1951-12-17', '1990-05-30', 'PRAWDA', 'Menadżer'),
(2, 'Jeremiasz', 'Drewniak', 'Agent marketingowy', 135, 'Marketing', '1967-03-04', '1990-06-07', 'FAŁSZ', 'Sprzewca'),
(3, 'Ewa', 'Braun', 'Agent marketingowy', 136, 'Marketing', '1968-05-06', '1999-02-06', 'PRAWDA', 'Sprzewca'),
(4, 'Franciszek', 'Malowski', 'Koordynator spedycji', 546, 'Spedycja', '1966-07-05', '1988-09-02', 'FAŁSZ', 'Menadżer'),
(5, 'Adrianna', 'Snycerska', 'Spedytor', 547, 'Spedycja', '1978-12-03', '1998-08-09', 'PRAWDA', 'Urzędnik'),
(6, 'Urszula', 'Halicka', 'Buyer', 677, 'Sprzedaż', '1974-07-04', '1995-08-09', 'PRAWDA', 'Menadżer'),
(7, 'Jan', 'Orłoń', 'WP finansowego', 787, 'Finansowy', '1964-05-02', '1987-08-02', 'PRAWDA', 'Menadżer'),
(8, 'Karol', 'Bjuty', 'Prac. administrac.', 788, 'Finansowy', '1968-10-08', '1998-01-17', 'FAŁSZ', 'Urzędnik'),
(9, 'Daniel', 'Żylecki', 'Projektant', 137, 'Marketing', '1964-09-30', '1986-11-16', 'PRAWDA', 'Menadżer'),
(10, 'Donata', 'Pietrzyk', 'Zaopatrzeniowiec', 678, 'Sprzedaż', '1966-05-08', '1990-05-07', 'FAŁSZ', 'Menadżer'),
(11, 'Katarzyna', 'Krauzy', 'Prac. administrac.', 777, 'Finansowy', '1962-09-09', '1987-07-31', 'PRAWDA', 'Urzędnik'),
(12, 'Henryk', 'Czyński', 'Spedytor', 548, 'Spedycja', '1969-06-15', '1995-07-13', 'PRAWDA', 'Urzędnik'),
(13, 'Antoni', 'Pierchała', 'WP planowania', 679, 'Sprzedaż', '1966-08-19', '1990-05-30', 'FAŁSZ', 'Menadżer'),
(14, 'Henryk', 'Czyński', 'Spedytor', 548, 'Spedycja', '1969-06-15', '1995-07-13', 'PRAWDA', 'Urzędnik');

-- --------------------------------------------------------

--
-- Struktura tabeli dla tabeli `pudelka`
--

CREATE TABLE `pudelka` (
  `IdPudelka` varchar(4) NOT NULL,
  `NazwaPudelka` varchar(27) DEFAULT NULL,
  `Waga` int(3) DEFAULT NULL,
  `Opis` varchar(145) DEFAULT NULL,
  `Cena` varchar(5) DEFAULT NULL,
  `StanMagazynu` int(3) DEFAULT NULL,
  `WstrzymanaProdukcja` varchar(5) DEFAULT NULL,
  `url` varchar(210) DEFAULT NULL
) ENGINE=InnoDB DEFAULT CHARSET=utf8 COLLATE=utf8_general_ci;

--
-- Dumping data for table `pudelka`
--

INSERT INTO `pudelka` (`IdPudelka`, `NazwaPudelka`, `Waga`, `Opis`, `Cena`, `StanMagazynu`, `WstrzymanaProdukcja`, `url`) VALUES
('ALPY', 'Kolekcja alpejska', 200, 'Alpejskie jagody i truskawki rosnące u źródeł krystalicznie czystej wody, wraz z naszą najlepszą czekoladą.', '20,75', 400, 'FAŁSZ', 'https://images.unsplash.com/photo-1603202902092-3eb7a76ecf5f?crop=entropy&cs=tinysrgb&fit=max&fm=jpg&ixid=M3wyNTM1ODF8MHwxfHNlYXJjaHwxfHxjYW5kaWVzfGVufDB8fHx8MTY5NjcwMjk3Mnww&ixlib=rb-4.0.3&q=80&w=200'),
('DELI', 'Delicja z masłem orzechowym', 300, 'Oblane pyszną czekoladą delikatne masło orzechowe, które roztopi nawet najtwardsze serce.', '19,00', 900, 'FAŁSZ', 'https://images.unsplash.com/photo-1582058091505-f87a2e55a40f?crop=entropy&cs=tinysrgb&fit=max&fm=jpg&ixid=M3wyNTM1ODF8MHwxfHNlYXJjaHwyfHxjYW5kaWVzfGVufDB8fHx8MTY5NjcwMjk3Mnww&ixlib=rb-4.0.3&q=80&w=200'),
('FANT', 'Fantazja mokka', 300, 'Zestaw marzeń w naszej serii cukierków w polewie - nasze słynne nadzienie mokka w pysznej polewie.', '18,00', 400, 'FAŁSZ', 'https://images.unsplash.com/photo-1575224300306-1b8da36134ec?crop=entropy&cs=tinysrgb&fit=max&fm=jpg&ixid=M3wyNTM1ODF8MHwxfHNlYXJjaHwzfHxjYW5kaWVzfGVufDB8fHx8MTY5NjcwMjk3Mnww&ixlib=rb-4.0.3&q=80&w=200'),
('GORZ', 'Słodko-gorzkie', 500, 'Nasza najlepsza gorzka czekolada z równie atrakcyjną zawartością - truskawkami, wiśniami, jagodami, malinami oraz marmoladą.', '27,75', 200, 'FAŁSZ', 'https://images.unsplash.com/photo-1601493701002-3223e7e1ebaf?crop=entropy&cs=tinysrgb&fit=max&fm=jpg&ixid=M3wyNTM1ODF8MHwxfHNlYXJjaHw0fHxjYW5kaWVzfGVufDB8fHx8MTY5NjcwMjk3Mnww&ixlib=rb-4.0.3&q=80&w=200'),
('INTE', 'Międzynarodowe', 500, 'Asortyment międzynarodowy przedstawiający nowy produkty, Amerykańską Piękność, Czekoladowe Kiwi oraz Palmę Tropikalną', '34,00', 500, 'FAŁSZ', 'https://images.unsplash.com/photo-1514517521153-1be72277b32f?crop=entropy&cs=tinysrgb&fit=max&fm=jpg&ixid=M3wyNTM1ODF8MHwxfHNlYXJjaHw1fHxjYW5kaWVzfGVufDB8fHx8MTY5NjcwMjk3Mnww&ixlib=rb-4.0.3&q=80&w=200'),
('KREM', 'Kremowe słodycze', 300, 'Słodki nadzienie dla każdego, kto lubi pyszny krem mokka, wiśnie oraz masło orzechowe.', '23,00', 200, 'FAŁSZ', 'https://images.unsplash.com/photo-1621939514649-280e2ee25f60?crop=entropy&cs=tinysrgb&fit=max&fm=jpg&ixid=M3wyNTM1ODF8MHwxfHNlYXJjaHw2fHxjYW5kaWVzfGVufDB8fHx8MTY5NjcwMjk3Mnww&ixlib=rb-4.0.3&q=80&w=200'),
('MARC', 'Cuda marcepanowe', 300, 'Bogaty asortyment słodyczy opartych na marcepanie i migdałach.', '32,25', 500, 'FAŁSZ', 'https://images.unsplash.com/photo-1606797020447-cf605fc9e408?crop=entropy&cs=tinysrgb&fit=max&fm=jpg&ixid=M3wyNTM1ODF8MHwxfHNlYXJjaHw3fHxjYW5kaWVzfGVufDB8fHx8MTY5NjcwMjk3Mnww&ixlib=rb-4.0.3&q=80&w=200'),
('NIEZ', 'Nieziemskie orzechy laskowe', 200, 'Nasz najlepszy wybór orzechów laskowych - Delikatesowe, Mokka, Amaretto oraz Gorzkie.', '15,75', 300, 'FAŁSZ', 'https://images.unsplash.com/photo-1600359756098-8bc52195bbf4?crop=entropy&cs=tinysrgb&fit=max&fm=jpg&ixid=M3wyNTM1ODF8MHwxfHNlYXJjaHw4fHxjYW5kaWVzfGVufDB8fHx8MTY5NjcwMjk3Mnww&ixlib=rb-4.0.3&q=80&w=200'),
('PACY', 'Skarby Pacyfiku', 200, 'Nasz najbogatszy zestaw cukierków - Migdałowa Ambrozja, Orzech Laskowy Mokka, Marcepanowy słowik', '21,00', 500, 'FAŁSZ', 'https://images.unsplash.com/photo-1581798269145-7512508289b9?crop=entropy&cs=tinysrgb&fit=max&fm=jpg&ixid=M3wyNTM1ODF8MHwxfHNlYXJjaHw5fHxjYW5kaWVzfGVufDB8fHx8MTY5NjcwMjk3Mnww&ixlib=rb-4.0.3&q=80&w=200'),
('POLN', 'Północny wiatr', 500, 'Coś w sam raz dla  zakochanych, nasza wyjątkowa kolekcja - Marcepanowa jaskółka, Marcepanowy słowik, Nie Zapomnij Mnie oraz Rozkosz przy świecach', '33,25', 700, 'FAŁSZ', 'https://images.unsplash.com/photo-1571506165871-ee72a35bc9d4?crop=entropy&cs=tinysrgb&fit=max&fm=jpg&ixid=M3wyNTM1ODF8MHwxfHNlYXJjaHwxMHx8Y2FuZGllc3xlbnwwfHx8fDE2OTY3MDI5NzJ8MA&ixlib=rb-4.0.3&q=80&w=200'),
('SERC', 'Serca kochanków', 200, 'Nasza najlepsza biała, mleczna i ciemna czekolada w kolekcji serc - Złamane serce, Serce kochanka oraz Serce w plecaku', '17,50', 300, 'FAŁSZ', 'https://images.unsplash.com/photo-1598188080888-42dfffa02287?crop=entropy&cs=tinysrgb&fit=max&fm=jpg&ixid=M3wyNTM1ODF8MHwxfHNlYXJjaHwxMXx8Y2FuZGllc3xlbnwwfHx8fDE2OTY3MDMzMTJ8MA&ixlib=rb-4.0.3&q=80&w=200'),
('SGOR', 'Słodkie i gorzkie', 500, 'Nasza najlepsza słodko-gorzka kombinacja jagód, wiśni, marmolady, malin i truskawek.', '27,75', 300, 'FAŁSZ', 'https://images.unsplash.com/photo-1519087318609-bfb5c04c27f5?crop=entropy&cs=tinysrgb&fit=max&fm=jpg&ixid=M3wyNTM1ODF8MHwxfHNlYXJjaHwxMnx8Y2FuZGllc3xlbnwwfHx8fDE2OTY3MDMzMTJ8MA&ixlib=rb-4.0.3&q=80&w=200'),
('SUPR', 'Doskonałe', 200, 'Doskonałe połączenie naszych dwóch zestawów - delikatesowego oraz cukierków z orzechami laskowymi.', '18,25', 400, 'FAŁSZ', 'https://images.unsplash.com/photo-1610961138779-2433f6fd227a?crop=entropy&cs=tinysrgb&fit=max&fm=jpg&ixid=M3wyNTM1ODF8MHwxfHNlYXJjaHwxM3x8Y2FuZGllc3xlbnwwfHx8fDE2OTY3MDMzMTJ8MA&ixlib=rb-4.0.3&q=80&w=200'),
('WISN', 'Klasyczne wiśnie', 200, 'Doskonałe wiśnie w całości - słodkie, słodko-gorzkie oraz klasyczne.', '16,25', 500, 'FAŁSZ', 'https://images.unsplash.com/photo-1576025916944-438d601fc0bf?crop=entropy&cs=tinysrgb&fit=max&fm=jpg&ixid=M3wyNTM1ODF8MHwxfHNlYXJjaHwxNHx8Y2FuZGllc3xlbnwwfHx8fDE2OTY3MDMzMTJ8MA&ixlib=rb-4.0.3&q=80&w=200'),
('WYSP', 'Kolekcja wyspiarska', 500, 'Delicje, które przeniosą Cię w klimat cudownych wysp tropikalnych - Czekoladowe Kiwi, Palma Tropikalna oraz Marcepanowa Jaskółka.', '35,00', 400, 'FAŁSZ', 'https://images.unsplash.com/photo-1533602933119-70608e48905d?crop=entropy&cs=tinysrgb&fit=max&fm=jpg&ixid=M3wyNTM1ODF8MHwxfHNlYXJjaHwxNXx8Y2FuZGllc3xlbnwwfHx8fDE2OTY3MDMzMTJ8MA&ixlib=rb-4.0.3&q=80&w=200');

-- --------------------------------------------------------

--
-- Struktura tabeli dla tabeli `szczegoly_zamowien`
--

CREATE TABLE `szczegoly_zamowien` (
  `NumerZamowienia` int(3) DEFAULT NULL,
  `IdPudelka` varchar(4) DEFAULT NULL,
  `Ilosc` int(1) DEFAULT NULL
) ENGINE=InnoDB DEFAULT CHARSET=utf8 COLLATE=utf8_general_ci;

--
-- Dumping data for table `szczegoly_zamowien`
--

INSERT INTO `szczegoly_zamowien` (`NumerZamowienia`, `IdPudelka`, `Ilosc`) VALUES
(1, 'DELI', 2),
(2, 'ALPY', 1),
(2, 'SERC', 2),
(3, 'POLN', 1),
(3, 'WISN', 2),
(4, 'GORZ', 2),
(4, 'PACY', 1),
(5, 'FANT', 1),
(5, 'GORZ', 2),
(5, 'WYSP', 1),
(6, 'DELI', 1),
(6, 'FANT', 1),
(6, 'GORZ', 1),
(6, 'NIEZ', 2),
(6, 'POLN', 2),
(6, 'SGOR', 2),
(7, 'DELI', 1),
(8, 'FANT', 1),
(8, 'MARC', 2),
(9, 'PACY', 1),
(9, 'POLN', 2),
(10, 'PACY', 1),
(10, 'SGOR', 2),
(11, 'DELI', 1),
(11, 'GORZ', 1),
(11, 'NIEZ', 2),
(11, 'SGOR', 1),
(11, 'SUPR', 2),
(12, 'ALPY', 2),
(12, 'FANT', 2),
(12, 'KREM', 1),
(12, 'SGOR', 1),
(13, 'SGOR', 2),
(14, 'NIEZ', 1),
(14, 'WYSP', 1),
(15, 'ALPY', 1),
(16, 'SGOR', 2),
(16, 'SUPR', 1),
(16, 'WYSP', 1),
(17, 'DELI', 2),
(17, 'POLN', 1),
(17, 'SERC', 1),
(17, 'SGOR', 1),
(18, 'GORZ', 2),
(18, 'NIEZ', 1),
(18, 'PACY', 2),
(18, 'WISN', 1),
(19, 'FANT', 1),
(20, 'NIEZ', 1),
(22, 'GORZ', 1),
(22, 'INTE', 2),
(23, 'DELI', 1),
(23, 'FANT', 1),
(23, 'POLN', 1),
(23, 'SGOR', 1),
(24, 'ALPY', 2),
(24, 'GORZ', 1),
(24, 'POLN', 2),
(25, 'NIEZ', 1),
(26, 'GORZ', 1),
(27, 'KREM', 1),
(27, 'POLN', 2),
(27, 'WISN', 1),
(28, 'ALPY', 2),
(28, 'DELI', 2),
(28, 'NIEZ', 1),
(29, 'DELI', 1),
(29, 'GORZ', 1),
(29, 'SGOR', 2),
(31, 'SGOR', 2),
(32, 'SERC', 1),
(33, 'FANT', 1),
(33, 'PACY', 2),
(33, 'POLN', 2),
(33, 'WISN', 1),
(34, 'SGOR', 1),
(34, 'SUPR', 2),
(35, 'FANT', 2),
(35, 'GORZ', 1),
(35, 'POLN', 1),
(35, 'SGOR', 1),
(35, 'WYSP', 2),
(37, 'MARC', 1),
(38, 'GORZ', 1),
(38, 'SGOR', 2),
(39, 'POLN', 1),
(40, 'GORZ', 2),
(40, 'SGOR', 2),
(41, 'ALPY', 1),
(41, 'KREM', 2),
(41, 'NIEZ', 1),
(41, 'PACY', 1),
(41, 'SGOR', 2),
(42, 'ALPY', 2),
(42, 'FANT', 1),
(42, 'INTE', 2),
(42, 'KREM', 1),
(42, 'SGOR', 1),
(43, 'ALPY', 1),
(44, 'GORZ', 2),
(45, 'FANT', 1),
(45, 'WISN', 2),
(46, 'DELI', 1),
(46, 'INTE', 2),
(46, 'NIEZ', 1),
(46, 'SUPR', 1),
(47, 'DELI', 1),
(47, 'GORZ', 1),
(47, 'POLN', 2),
(47, 'SERC', 2),
(47, 'WISN', 1),
(48, 'FANT', 1),
(48, 'GORZ', 1),
(48, 'PACY', 2),
(48, 'WYSP', 2),
(49, 'FANT', 2),
(50, 'GORZ', 1),
(50, 'WYSP', 2),
(51, 'NIEZ', 2),
(51, 'POLN', 1),
(52, 'DELI', 1),
(52, 'NIEZ', 1),
(52, 'WISN', 2),
(53, 'GORZ', 2),
(53, 'MARC', 2),
(53, 'POLN', 2),
(53, 'SGOR', 1),
(53, 'SUPR', 1),
(54, 'FANT', 1),
(54, 'GORZ', 1),
(54, 'NIEZ', 2),
(54, 'POLN', 2),
(54, 'SGOR', 1),
(55, 'GORZ', 1),
(56, 'FANT', 1),
(56, 'NIEZ', 2),
(57, 'ALPY', 1),
(57, 'KREM', 1),
(57, 'SGOR', 2),
(58, 'ALPY', 2),
(58, 'INTE', 1),
(58, 'SGOR', 2),
(59, 'KREM', 1),
(59, 'POLN', 1),
(59, 'SGOR', 1),
(60, 'DELI', 2),
(60, 'KREM', 1),
(60, 'SERC', 1),
(60, 'SGOR', 1),
(60, 'SUPR', 2),
(61, 'SERC', 2),
(62, 'ALPY', 1),
(62, 'POLN', 2),
(63, 'PACY', 1),
(63, 'WISN', 1),
(64, 'FANT', 1),
(64, 'GORZ', 1),
(64, 'SERC', 1),
(65, 'FANT', 2),
(65, 'POLN', 1),
(65, 'SERC', 1),
(65, 'WYSP', 2),
(66, 'FANT', 1),
(66, 'GORZ', 2),
(66, 'MARC', 2),
(66, 'POLN', 1),
(66, 'SERC', 2),
(66, 'SGOR', 1),
(67, 'GORZ', 1),
(68, 'POLN', 2),
(68, 'SGOR', 1),
(69, 'FANT', 1),
(69, 'SGOR', 2),
(70, 'GORZ', 1),
(70, 'NIEZ', 2),
(70, 'WISN', 1),
(70, 'WYSP', 2),
(71, 'FANT', 2),
(71, 'GORZ', 1),
(71, 'KREM', 2),
(71, 'SERC', 1),
(71, 'SGOR', 1),
(72, 'ALPY', 1),
(72, 'GORZ', 1),
(72, 'NIEZ', 1),
(72, 'POLN', 2),
(73, 'GORZ', 2),
(74, 'SERC', 1),
(75, 'INTE', 1),
(75, 'SUPR', 1),
(76, 'ALPY', 2),
(76, 'DELI', 2),
(76, 'SGOR', 1),
(76, 'SUPR', 1),
(77, 'NIEZ', 1),
(77, 'PACY', 1),
(77, 'POLN', 1),
(77, 'SERC', 2),
(77, 'WISN', 2),
(78, 'ALPY', 2),
(78, 'FANT', 1),
(78, 'GORZ', 2),
(78, 'INTE', 1),
(80, 'GORZ', 2),
(80, 'WYSP', 1),
(81, 'INTE', 1),
(81, 'WYSP', 2),
(82, 'GORZ', 2),
(82, 'INTE', 1),
(82, 'MARC', 2),
(82, 'SERC', 1),
(83, 'INTE', 1),
(83, 'SERC', 1),
(83, 'SGOR', 1),
(83, 'WISN', 2),
(83, 'WYSP', 1),
(84, 'GORZ', 1),
(84, 'NIEZ', 2),
(84, 'PACY', 1),
(84, 'POLN', 2),
(84, 'SERC', 2),
(84, 'WISN', 1),
(85, 'PACY', 1),
(86, 'POLN', 1),
(86, 'SERC', 2),
(87, 'ALPY', 2),
(87, 'KREM', 1),
(87, 'NIEZ', 1),
(88, 'FANT', 2),
(88, 'GORZ', 1),
(88, 'INTE', 1),
(88, 'NIEZ', 2),
(89, 'GORZ', 1),
(89, 'POLN', 2),
(89, 'SERC', 2),
(90, 'DELI', 2),
(90, 'NIEZ', 2),
(90, 'SERC', 1),
(90, 'SUPR', 1),
(90, 'WISN', 1),
(90, 'WYSP', 1),
(91, 'SERC', 2),
(92, 'POLN', 1),
(92, 'WISN', 1),
(93, 'PACY', 2),
(93, 'POLN', 2),
(94, 'ALPY', 1),
(94, 'FANT', 1),
(94, 'WISN', 1),
(95, 'DELI', 2),
(95, 'PACY', 1),
(95, 'POLN', 2),
(95, 'SGOR', 1),
(95, 'WYSP', 1),
(96, 'ALPY', 2),
(96, 'GORZ', 1),
(96, 'MARC', 1),
(96, 'POLN', 2),
(96, 'SERC', 2),
(96, 'WISN', 1),
(97, 'FANT', 1),
(98, 'FANT', 1),
(98, 'GORZ', 2),
(98, 'POLN', 1),
(99, 'POLN', 2),
(99, 'SERC', 1),
(100, 'GORZ', 1),
(100, 'NIEZ', 1),
(100, 'SGOR', 2),
(100, 'SUPR', 2),
(101, 'ALPY', 2),
(101, 'FANT', 2),
(101, 'KREM', 1),
(101, 'POLN', 1),
(102, 'FANT', 2),
(102, 'GORZ', 2),
(102, 'INTE', 1),
(102, 'SERC', 1),
(102, 'SGOR', 1),
(103, 'DELI', 1),
(104, 'GORZ', 1),
(105, 'KREM', 2),
(105, 'SGOR', 2),
(105, 'SUPR', 1),
(106, 'DELI', 1),
(106, 'KREM', 2),
(106, 'SERC', 1),
(107, 'PACY', 2),
(107, 'POLN', 2),
(107, 'WISN', 1),
(108, 'FANT', 2),
(108, 'GORZ', 1),
(108, 'INTE', 1),
(108, 'SERC', 1),
(108, 'SGOR', 2),
(109, 'WYSP', 2),
(110, 'WISN', 1),
(111, 'GORZ', 1),
(111, 'KREM', 2),
(111, 'PACY', 1),
(112, 'ALPY', 1),
(112, 'FANT', 1),
(112, 'KREM', 1),
(113, 'KREM', 2),
(113, 'POLN', 2),
(113, 'SERC', 1),
(113, 'SGOR', 1),
(114, 'ALPY', 2),
(114, 'GORZ', 2),
(114, 'NIEZ', 1),
(114, 'SERC', 1),
(115, 'NIEZ', 1),
(116, 'KREM', 1),
(116, 'NIEZ', 2),
(117, 'ALPY', 2),
(117, 'GORZ', 1),
(117, 'SERC', 1),
(118, 'GORZ', 1),
(118, 'INTE', 2),
(118, 'POLN', 1),
(118, 'SERC', 2),
(119, 'GORZ', 2),
(119, 'NIEZ', 1),
(119, 'POLN', 1),
(119, 'SUPR', 1),
(120, 'DELI', 1),
(120, 'NIEZ', 1),
(120, 'PACY', 1),
(120, 'POLN', 1),
(120, 'SERC', 2),
(121, 'POLN', 2),
(122, 'PACY', 2),
(122, 'WISN', 1),
(123, 'PACY', 1),
(123, 'POLN', 2),
(124, 'FANT', 1),
(124, 'NIEZ', 2),
(124, 'WYSP', 1),
(125, 'DELI', 1),
(125, 'GORZ', 1),
(125, 'POLN', 2),
(125, 'WYSP', 2),
(126, 'DELI', 1),
(126, 'GORZ', 1),
(126, 'MARC', 2),
(126, 'POLN', 2),
(126, 'SERC', 1),
(126, 'SGOR', 2),
(127, 'DELI', 1),
(128, 'ALPY', 2),
(128, 'SGOR', 1),
(129, 'DELI', 1),
(129, 'GORZ', 2),
(129, 'SGOR', 1),
(130, 'GORZ', 1),
(130, 'NIEZ', 2),
(130, 'SGOR', 1),
(131, 'ALPY', 1),
(131, 'INTE', 2),
(131, 'KREM', 1),
(131, 'SGOR', 2),
(132, 'ALPY', 2),
(132, 'DELI', 1),
(132, 'FANT', 2),
(132, 'GORZ', 1),
(132, 'INTE', 1),
(134, 'FANT', 1),
(134, 'WISN', 1),
(135, 'POLN', 1),
(135, 'SUPR', 2),
(135, 'WISN', 1),
(136, 'DELI', 2),
(136, 'FANT', 1),
(136, 'POLN', 1),
(136, 'SERC', 2),
(137, 'DELI', 1),
(137, 'PACY', 1),
(137, 'POLN', 2),
(137, 'WISN', 1),
(138, 'FANT', 1),
(138, 'INTE', 2),
(138, 'POLN', 1),
(138, 'WISN', 1),
(138, 'WYSP', 2),
(139, 'FANT', 1),
(140, 'FANT', 2),
(140, 'POLN', 1),
(141, 'GORZ', 2),
(142, 'MARC', 2),
(142, 'NIEZ', 1),
(142, 'POLN', 2),
(143, 'DELI', 1),
(143, 'INTE', 1),
(143, 'SGOR', 2),
(143, 'WISN', 1),
(144, 'GORZ', 1),
(144, 'INTE', 1),
(144, 'KREM', 2),
(144, 'NIEZ', 2),
(144, 'SGOR', 1),
(145, 'SUPR', 1),
(146, 'ALPY', 1),
(146, 'KREM', 2),
(147, 'ALPY', 2),
(147, 'FANT', 1),
(147, 'INTE', 1),
(148, 'KREM', 1),
(148, 'NIEZ', 1),
(148, 'SUPR', 2),
(149, 'KREM', 1),
(149, 'SERC', 2),
(149, 'SUPR', 1),
(150, 'ALPY', 1),
(150, 'DELI', 2),
(150, 'GORZ', 1),
(150, 'NIEZ', 1),
(150, 'POLN', 1),
(150, 'SERC', 2),
(152, 'PACY', 1),
(153, 'GORZ', 1),
(154, 'FANT', 1),
(154, 'NIEZ', 2),
(154, 'POLN', 1),
(154, 'WYSP', 1),
(155, 'DELI', 1),
(155, 'POLN', 1),
(155, 'SERC', 1),
(156, 'DELI', 1),
(156, 'FANT', 2),
(156, 'MARC', 2),
(156, 'PACY', 1),
(156, 'POLN', 1),
(156, 'SERC', 2),
(157, 'POLN', 1),
(158, 'KREM', 2),
(158, 'SGOR', 1),
(159, 'FANT', 1),
(159, 'GORZ', 1),
(159, 'PACY', 2),
(160, 'NIEZ', 2),
(160, 'WISN', 1),
(160, 'WYSP', 1),
(161, 'ALPY', 2),
(161, 'KREM', 1),
(161, 'PACY', 1),
(161, 'POLN', 2),
(161, 'SGOR', 1),
(162, 'ALPY', 2),
(162, 'FANT', 1),
(162, 'INTE', 1),
(162, 'SGOR', 2),
(163, 'SGOR', 1),
(164, 'SUPR', 1),
(165, 'DELI', 2),
(165, 'KREM', 2),
(165, 'SGOR', 1),
(166, 'KREM', 1),
(166, 'POLN', 1),
(166, 'SERC', 1),
(167, 'NIEZ', 2),
(167, 'PACY', 2),
(167, 'SGOR', 1),
(167, 'WISN', 1),
(168, 'ALPY', 1),
(168, 'FANT', 1),
(168, 'GORZ', 2),
(168, 'WYSP', 1),
(169, 'GORZ', 2),
(170, 'FANT', 2),
(170, 'SERC', 1),
(171, 'PACY', 1),
(171, 'POLN', 2),
(172, 'FANT', 1),
(172, 'GORZ', 1),
(172, 'MARC', 1),
(172, 'SERC', 2),
(173, 'GORZ', 1),
(173, 'NIEZ', 2),
(173, 'SERC', 2),
(173, 'SGOR', 1),
(174, 'FANT', 1),
(174, 'GORZ', 1),
(174, 'NIEZ', 1),
(174, 'POLN', 1),
(174, 'SERC', 2),
(174, 'SGOR', 2),
(175, 'POLN', 1),
(176, 'ALPY', 2),
(176, 'GORZ', 1),
(177, 'FANT', 2),
(177, 'INTE', 1),
(177, 'WISN', 1),
(178, 'GORZ', 1),
(178, 'POLN', 2),
(178, 'SERC', 1),
(179, 'GORZ', 2),
(179, 'SERC', 1),
(179, 'SUPR', 1),
(180, 'FANT', 1),
(180, 'POLN', 2),
(180, 'SERC', 1),
(180, 'SGOR', 2),
(180, 'WISN', 1),
(181, 'PACY', 2),
(182, 'KREM', 2),
(183, 'FANT', 2),
(184, 'ALPY', 1),
(184, 'WYSP', 2),
(185, 'KREM', 1),
(185, 'PACY', 1),
(185, 'POLN', 1),
(185, 'SGOR', 2),
(186, 'ALPY', 2),
(186, 'FANT', 2),
(186, 'INTE', 1),
(186, 'MARC', 1),
(186, 'PACY', 2),
(186, 'POLN', 1),
(187, 'SGOR', 1),
(188, 'INTE', 1),
(188, 'WISN', 2),
(189, 'GORZ', 2),
(189, 'NIEZ', 1),
(189, 'SERC', 1),
(190, 'FANT', 2),
(190, 'INTE', 2),
(190, 'NIEZ', 1),
(191, 'ALPY', 2),
(191, 'GORZ', 1),
(191, 'INTE', 2),
(191, 'KREM', 1),
(191, 'SERC', 1),
(192, 'FANT', 1),
(192, 'GORZ', 1),
(192, 'INTE', 1),
(192, 'NIEZ', 1),
(192, 'POLN', 2),
(193, 'POLN', 2),
(194, 'SERC', 1),
(194, 'SUPR', 1),
(195, 'DELI', 1),
(195, 'GORZ', 1),
(195, 'WISN', 2),
(196, 'FANT', 1),
(196, 'POLN', 2),
(196, 'SERC', 2),
(196, 'WISN', 1),
(197, 'GORZ', 1),
(197, 'PACY', 2),
(197, 'WYSP', 2),
(198, 'ALPY', 1),
(198, 'FANT', 1),
(198, 'POLN', 2),
(198, 'SERC', 2),
(198, 'SGOR', 1),
(198, 'WYSP', 2),
(199, 'FANT', 1),
(200, 'DELI', 2),
(200, 'POLN', 1),
(201, 'DELI', 1),
(201, 'MARC', 2),
(202, 'KREM', 1),
(202, 'PACY', 1),
(202, 'SGOR', 2),
(203, 'DELI', 2),
(203, 'GORZ', 1),
(203, 'POLN', 1),
(203, 'SERC', 1),
(203, 'SGOR', 1),
(204, 'ALPY', 1),
(204, 'FANT', 2),
(204, 'GORZ', 2),
(204, 'KREM', 1),
(204, 'NIEZ', 2),
(204, 'SERC', 1),
(205, 'ALPY', 1),
(206, 'GORZ', 2),
(207, 'GORZ', 1),
(207, 'INTE', 1),
(207, 'NIEZ', 2),
(208, 'GORZ', 2),
(208, 'POLN', 1),
(208, 'SERC', 1),
(209, 'DELI', 2),
(209, 'GORZ', 1),
(209, 'POLN', 1),
(209, 'SERC', 1),
(209, 'SUPR', 2),
(210, 'GORZ', 1),
(210, 'PACY', 1),
(210, 'POLN', 2),
(210, 'SERC', 2),
(210, 'WISN', 1),
(212, 'GORZ', 1),
(212, 'NIEZ', 1),
(213, 'FANT', 1),
(213, 'SERC', 2),
(214, 'FANT', 1),
(214, 'GORZ', 1),
(214, 'INTE', 1),
(214, 'WYSP', 2),
(215, 'GORZ', 2),
(215, 'POLN', 1),
(215, 'SERC', 1),
(215, 'SGOR', 1),
(216, 'ALPY', 1),
(216, 'GORZ', 1),
(216, 'MARC', 2),
(216, 'SERC', 2),
(216, 'SGOR', 2),
(216, 'WYSP', 1),
(217, 'SERC', 1),
(218, 'GORZ', 1),
(218, 'POLN', 2),
(219, 'GORZ', 1),
(219, 'NIEZ', 2),
(219, 'POLN', 1),
(220, 'DELI', 1),
(220, 'KREM', 2),
(220, 'POLN', 2),
(220, 'SGOR', 1),
(221, 'ALPY', 1),
(221, 'INTE', 1),
(221, 'NIEZ', 1),
(221, 'SERC', 2),
(221, 'WISN', 2),
(222, 'ALPY', 1),
(222, 'GORZ', 2),
(222, 'PACY', 2),
(222, 'POLN', 1),
(222, 'SERC', 1),
(222, 'WISN', 1),
(223, 'SUPR', 1),
(224, 'GORZ', 1),
(224, 'NIEZ', 2),
(225, 'DELI', 2),
(225, 'GORZ', 1),
(225, 'SERC', 2),
(226, 'FANT', 1),
(226, 'PACY', 1),
(226, 'POLN', 1),
(226, 'WISN', 2),
(227, 'FANT', 1),
(227, 'NIEZ', 2),
(227, 'WISN', 1),
(228, 'ALPY', 1),
(228, 'FANT', 2),
(228, 'NIEZ', 1),
(228, 'POLN', 1),
(228, 'SERC', 2),
(228, 'WYSP', 1),
(229, 'GORZ', 2),
(230, 'INTE', 2),
(230, 'SERC', 1),
(231, 'MARC', 2),
(231, 'SERC', 1),
(231, 'WISN', 1),
(232, 'GORZ', 1),
(232, 'POLN', 1),
(232, 'SERC', 2),
(233, 'GORZ', 1),
(233, 'NIEZ', 2),
(233, 'POLN', 2),
(233, 'SERC', 2),
(233, 'WISN', 1),
(234, 'ALPY', 2),
(234, 'FANT', 1),
(234, 'GORZ', 1),
(234, 'KREM', 1),
(234, 'SERC', 1),
(235, 'SERC', 1),
(236, 'GORZ', 2),
(236, 'INTE', 1),
(237, 'FANT', 1),
(237, 'POLN', 1),
(237, 'SERC', 2),
(238, 'DELI', 2),
(238, 'SERC', 2),
(238, 'SGOR', 1),
(242, 'SERC', 1),
(243, 'FANT', 1),
(243, 'POLN', 1),
(243, 'SERC', 2),
(244, 'FANT', 1),
(244, 'GORZ', 2),
(244, 'INTE', 1),
(244, 'WYSP', 1),
(245, 'GORZ', 1),
(245, 'INTE', 2),
(245, 'MARC', 1),
(245, 'SERC', 2),
(245, 'WISN', 1),
(246, 'DELI', 1),
(246, 'FANT', 2),
(246, 'GORZ', 2),
(246, 'POLN', 1),
(246, 'SERC', 2),
(246, 'SGOR', 1),
(247, 'NIEZ', 1),
(248, 'GORZ', 1),
(249, 'INTE', 1),
(249, 'NIEZ', 1),
(249, 'POLN', 2),
(250, 'ALPY', 2),
(250, 'KREM', 1),
(250, 'POLN', 2),
(250, 'SERC', 1),
(251, 'DELI', 1),
(251, 'GORZ', 1),
(251, 'INTE', 1),
(251, 'SGOR', 2),
(252, 'ALPY', 1),
(252, 'DELI', 2),
(252, 'KREM', 1),
(252, 'SGOR', 1),
(252, 'SUPR', 1),
(253, 'DELI', 2),
(254, 'DELI', 1),
(254, 'SGOR', 1),
(255, 'SERC', 1),
(255, 'SGOR', 2),
(255, 'SUPR', 1),
(256, 'PACY', 2),
(256, 'POLN', 2),
(256, 'WISN', 1),
(257, 'ALPY', 1),
(257, 'FANT', 2),
(257, 'POLN', 2),
(257, 'SERC', 1),
(258, 'FANT', 1),
(258, 'PACY', 2),
(258, 'POLN', 1),
(258, 'SERC', 1),
(258, 'WYSP', 2),
(259, 'POLN', 1),
(260, 'POLN', 1),
(260, 'SERC', 2),
(261, 'FANT', 2),
(261, 'MARC', 1),
(262, 'GORZ', 2),
(262, 'POLN', 1),
(262, 'SERC', 2),
(262, 'SGOR', 1),
(263, 'GORZ', 2),
(263, 'NIEZ', 1),
(263, 'PACY', 1),
(263, 'POLN', 1),
(263, 'SERC', 1),
(264, 'ALPY', 2),
(264, 'FANT', 2),
(264, 'GORZ', 1),
(264, 'KREM', 1),
(264, 'POLN', 1),
(264, 'WISN', 2),
(265, 'NIEZ', 1),
(266, 'GORZ', 1),
(266, 'KREM', 2),
(267, 'GORZ', 1),
(267, 'SGOR', 2),
(267, 'WYSP', 1),
(268, 'KREM', 2),
(268, 'SUPR', 1),
(269, 'DELI', 1),
(269, 'GORZ', 2),
(269, 'INTE', 1),
(269, 'KREM', 1),
(269, 'SERC', 2),
(270, 'ALPY', 1),
(270, 'GORZ', 1),
(270, 'PACY', 2),
(270, 'POLN', 2),
(270, 'WISN', 1),
(271, 'SGOR', 2),
(272, 'FANT', 1),
(273, 'SGOR', 2),
(273, 'SUPR', 1),
(273, 'WYSP', 2),
(274, 'INTE', 2),
(274, 'POLN', 1),
(274, 'SERC', 1),
(275, 'ALPY', 1),
(275, 'KREM', 1),
(275, 'MARC', 2),
(275, 'POLN', 2),
(275, 'SGOR', 1),
(276, 'GORZ', 2),
(276, 'KREM', 1),
(276, 'POLN', 1),
(276, 'SERC', 2),
(276, 'SGOR', 1),
(277, 'INTE', 1),
(278, 'GORZ', 1),
(278, 'NIEZ', 2),
(279, 'INTE', 1),
(279, 'SERC', 2),
(279, 'WISN', 1),
(280, 'ALPY', 1),
(280, 'KREM', 1),
(280, 'POLN', 2),
(280, 'SERC', 2),
(281, 'GORZ', 1),
(281, 'INTE', 1),
(281, 'POLN', 2),
(281, 'WISN', 1),
(282, 'DELI', 1),
(282, 'FANT', 1),
(282, 'POLN', 1),
(282, 'SUPR', 2),
(283, 'SGOR', 1),
(284, 'DELI', 2),
(284, 'WISN', 1),
(285, 'GORZ', 1),
(285, 'POLN', 2),
(285, 'SERC', 2),
(286, 'PACY', 1),
(286, 'WISN', 1),
(286, 'WYSP', 1),
(287, 'ALPY', 1),
(287, 'FANT', 1),
(287, 'PACY', 1),
(287, 'SERC', 2),
(288, 'FANT', 1),
(288, 'GORZ', 1),
(288, 'SGOR', 1),
(288, 'SUPR', 2),
(288, 'WISN', 1),
(288, 'WYSP', 2),
(290, 'MARC', 2),
(290, 'SGOR', 1),
(291, 'PACY', 1),
(291, 'SGOR', 2),
(291, 'SUPR', 1),
(292, 'ALPY', 1),
(292, 'GORZ', 1),
(292, 'NIEZ', 1),
(292, 'SGOR', 2),
(293, 'DELI', 2),
(293, 'GORZ', 1),
(293, 'NIEZ', 2),
(293, 'POLN', 2),
(293, 'SERC', 1),
(294, 'ALPY', 1),
(294, 'FANT', 3),
(294, 'GORZ', 2),
(294, 'KREM', 2),
(294, 'POLN', 1),
(294, 'SERC', 1),
(295, 'INTE', 1),
(296, 'GORZ', 2),
(296, 'NIEZ', 1),
(297, 'GORZ', 2),
(297, 'SERC', 1),
(298, 'DELI', 2),
(298, 'SERC', 2),
(298, 'SUPR', 1),
(298, 'WISN', 1),
(299, 'GORZ', 1),
(299, 'SERC', 2),
(300, 'FANT', 2),
(300, 'PACY', 1),
(300, 'POLN', 1),
(300, 'WISN', 2),
(302, 'FANT', 1),
(302, 'GORZ', 2),
(303, 'FANT', 2),
(303, 'GORZ', 1),
(303, 'WYSP', 1),
(304, 'DELI', 1),
(304, 'GORZ', 1),
(304, 'INTE', 2),
(304, 'NIEZ', 1),
(305, 'FANT', 1),
(305, 'GORZ', 2),
(305, 'MARC', 2),
(305, 'POLN', 1),
(305, 'SERC', 1),
(306, 'ALPY', 1),
(306, 'GORZ', 2),
(306, 'SERC', 1),
(306, 'SGOR', 1),
(306, 'WYSP', 2),
(307, 'GORZ', 1),
(308, 'NIEZ', 2),
(308, 'WISN', 1),
(309, 'KREM', 1),
(309, 'SGOR', 2),
(310, 'ALPY', 2),
(310, 'KREM', 1),
(310, 'SERC', 2),
(310, 'SGOR', 1),
(311, 'DELI', 1),
(311, 'INTE', 1),
(311, 'POLN', 2),
(311, 'SERC', 2),
(311, 'SGOR', 1),
(312, 'POLN', 2),
(312, 'SERC', 2),
(312, 'SGOR', 1),
(312, 'SUPR', 1),
(314, 'SERC', 1),
(314, 'SGOR', 1),
(315, 'POLN', 1),
(315, 'SGOR', 2),
(315, 'WISN', 1),
(316, 'PACY', 2),
(316, 'POLN', 2),
(316, 'SERC', 1),
(317, 'FANT', 1),
(317, 'KREM', 1),
(317, 'SERC', 1),
(317, 'SGOR', 2),
(318, 'KREM', 2),
(318, 'NIEZ', 1),
(318, 'POLN', 1),
(318, 'SERC', 2),
(318, 'SGOR', 2),
(318, 'WYSP', 1),
(319, 'KREM', 1),
(320, 'KREM', 2),
(320, 'MARC', 1),
(321, 'KREM', 2),
(321, 'SGOR', 1),
(321, 'WISN', 1),
(322, 'KREM', 2),
(322, 'SERC', 1),
(322, 'SGOR', 2),
(323, 'DELI', 1),
(323, 'GORZ', 1),
(323, 'NIEZ', 1),
(323, 'SGOR', 2),
(323, 'SUPR', 1),
(324, 'ALPY', 2),
(324, 'INTE', 1),
(324, 'KREM', 1),
(324, 'SERC', 1),
(324, 'SGOR', 2),
(325, 'SGOR', 1),
(326, 'SGOR', 2),
(327, 'DELI', 1),
(327, 'SGOR', 1),
(328, 'NIEZ', 2),
(328, 'POLN', 1),
(328, 'SERC', 2),
(328, 'SUPR', 1),
(329, 'DELI', 1),
(329, 'INTE', 1),
(329, 'POLN', 2),
(329, 'SERC', 1),
(329, 'WISN', 2),
(330, 'PACY', 2),
(330, 'POLN', 1),
(330, 'SERC', 2),
(330, 'WISN', 1),
(331, 'FANT', 2),
(332, 'NIEZ', 1),
(332, 'WISN', 1),
(333, 'POLN', 2),
(333, 'SGOR', 1),
(333, 'WYSP', 2),
(334, 'NIEZ', 2),
(334, 'POLN', 1),
(334, 'SGOR', 1),
(335, 'INTE', 2),
(335, 'MARC', 1),
(335, 'NIEZ', 1),
(335, 'SERC', 2),
(335, 'WISN', 1),
(336, 'DELI', 1),
(336, 'GORZ', 2),
(336, 'INTE', 2),
(336, 'POLN', 2),
(336, 'SGOR', 1),
(337, 'NIEZ', 1),
(338, 'POLN', 2),
(338, 'SERC', 1),
(339, 'DELI', 1),
(339, 'KREM', 1),
(339, 'WISN', 2),
(340, 'ALPY', 2),
(340, 'INTE', 2),
(340, 'KREM', 1),
(340, 'SERC', 1),
(341, 'DELI', 2),
(341, 'KREM', 1),
(341, 'POLN', 1),
(341, 'SGOR', 1),
(342, 'DELI', 1),
(342, 'KREM', 1),
(342, 'PACY', 2),
(342, 'SGOR', 2),
(342, 'SUPR', 1),
(343, 'SGOR', 1),
(344, 'SERC', 2),
(345, 'KREM', 2),
(345, 'POLN', 2),
(345, 'WISN', 1),
(346, 'NIEZ', 2),
(346, 'SERC', 1),
(347, 'FANT', 1),
(347, 'GORZ', 1),
(347, 'NIEZ', 2),
(347, 'SERC', 1),
(347, 'WYSP', 2),
(348, 'DELI', 1),
(348, 'FANT', 2),
(348, 'GORZ', 1),
(348, 'POLN', 1),
(348, 'SERC', 2),
(348, 'SGOR', 1),
(349, 'MARC', 2),
(351, 'POLN', 1),
(351, 'SERC', 2),
(351, 'SGOR', 1),
(352, 'FANT', 1),
(352, 'GORZ', 1),
(352, 'POLN', 2),
(352, 'SERC', 1),
(353, 'GORZ', 2),
(353, 'NIEZ', 2),
(353, 'POLN', 1),
(353, 'SERC', 2),
(353, 'SGOR', 1),
(354, 'ALPY', 1),
(354, 'FANT', 1),
(354, 'GORZ', 2),
(354, 'INTE', 1),
(354, 'KREM', 1),
(354, 'POLN', 2),
(355, 'GORZ', 1),
(356, 'POLN', 2),
(356, 'SERC', 1),
(357, 'FANT', 1),
(358, 'DELI', 2),
(358, 'SERC', 1),
(358, 'SUPR', 2),
(358, 'WISN', 1),
(359, 'FANT', 1),
(359, 'POLN', 2),
(359, 'SERC', 2),
(359, 'SGOR', 1),
(359, 'WISN', 1),
(360, 'DELI', 1),
(360, 'FANT', 1),
(360, 'PACY', 1),
(360, 'SGOR', 1),
(361, 'DELI', 2),
(362, 'SGOR', 1),
(362, 'WYSP', 2),
(363, 'GORZ', 2),
(363, 'POLN', 1),
(363, 'SERC', 1),
(364, 'GORZ', 2),
(364, 'NIEZ', 1),
(364, 'POLN', 1),
(364, 'SGOR', 1),
(365, 'GORZ', 2),
(365, 'MARC', 2),
(365, 'NIEZ', 1),
(365, 'POLN', 1),
(365, 'SGOR', 1),
(366, 'FANT', 2),
(366, 'GORZ', 1),
(366, 'NIEZ', 2),
(366, 'POLN', 1),
(366, 'SGOR', 2),
(367, 'NIEZ', 1),
(368, 'GORZ', 1),
(368, 'SERC', 2),
(369, 'ALPY', 1),
(369, 'GORZ', 1),
(369, 'KREM', 2),
(370, 'INTE', 1),
(370, 'NIEZ', 1),
(370, 'POLN', 2),
(370, 'SERC', 2),
(371, 'GORZ', 2),
(371, 'NIEZ', 1),
(371, 'POLN', 1),
(371, 'WISN', 2),
(372, 'DELI', 2),
(372, 'GORZ', 1),
(372, 'POLN', 1),
(372, 'SERC', 2),
(372, 'SGOR', 1),
(372, 'SUPR', 1),
(373, 'SERC', 2),
(374, 'KREM', 1),
(374, 'POLN', 1),
(375, 'PACY', 1),
(375, 'WISN', 2),
(376, 'FANT', 1),
(376, 'GORZ', 2),
(376, 'KREM', 1),
(377, 'GORZ', 2),
(377, 'SERC', 2),
(377, 'SGOR', 1),
(377, 'WYSP', 1),
(378, 'GORZ', 1),
(378, 'KREM', 1),
(378, 'MARC', 2),
(378, 'POLN', 1),
(378, 'SGOR', 2),
(379, 'SGOR', 1),
(380, 'NIEZ', 2),
(380, 'SERC', 1),
(381, 'POLN', 2),
(381, 'SGOR', 1),
(381, 'SUPR', 1),
(382, 'GORZ', 1),
(382, 'NIEZ', 2),
(382, 'POLN', 1),
(382, 'SERC', 2),
(383, 'KREM', 1),
(383, 'NIEZ', 2),
(383, 'SERC', 1),
(383, 'SGOR', 1),
(384, 'ALPY', 2),
(384, 'FANT', 2),
(384, 'GORZ', 2),
(384, 'INTE', 1),
(384, 'SERC', 1),
(384, 'SGOR', 1),
(385, 'POLN', 1),
(386, 'POLN', 2),
(387, 'KREM', 1),
(387, 'SGOR', 2),
(387, 'SUPR', 1),
(388, 'DELI', 2),
(388, 'POLN', 1),
(388, 'SERC', 2),
(388, 'SGOR', 1),
(389, 'GORZ', 2),
(389, 'PACY', 2),
(389, 'POLN', 1),
(389, 'SERC', 1),
(389, 'WISN', 1),
(390, 'FANT', 1),
(390, 'GORZ', 1),
(390, 'SERC', 2),
(390, 'SGOR', 1),
(391, 'FANT', 2),
(392, 'SERC', 1),
(392, 'WYSP', 1),
(393, 'GORZ', 1),
(393, 'SERC', 2),
(393, 'SGOR', 2),
(394, 'FANT', 2),
(394, 'KREM', 1),
(394, 'MARC', 1),
(394, 'SGOR', 1),
(395, 'GORZ', 1),
(395, 'KREM', 2),
(395, 'SGOR', 1),
(395, 'WISN', 1),
(396, 'GORZ', 1),
(396, 'NIEZ', 1),
(396, 'SERC', 1),
(396, 'SGOR', 2),
(397, 'SERC', 1),
(398, 'GORZ', 1),
(398, 'SERC', 2),
(399, 'ALPY', 2),
(399, 'KREM', 1),
(399, 'SERC', 1),
(400, 'GORZ', 2),
(400, 'INTE', 1),
(400, 'POLN', 1),
(400, 'SERC', 2),
(401, 'GORZ', 1),
(401, 'POLN', 1),
(401, 'SERC', 2),
(401, 'SGOR', 1),
(402, 'DELI', 1),
(402, 'FANT', 2),
(402, 'NIEZ', 2),
(402, 'POLN', 1),
(402, 'SERC', 1),
(402, 'SUPR', 1),
(404, 'POLN', 2),
(404, 'WISN', 1),
(405, 'PACY', 2),
(405, 'SERC', 2),
(406, 'FANT', 2),
(406, 'GORZ', 1),
(406, 'WISN', 1),
(407, 'FANT', 2),
(407, 'WYSP', 2),
(408, 'GORZ', 1),
(408, 'MARC', 1),
(408, 'NIEZ', 1),
(408, 'SERC', 1),
(409, 'POLN', 2),
(410, 'POLN', 2),
(410, 'SERC', 1),
(411, 'POLN', 2),
(411, 'SERC', 1),
(411, 'SGOR', 1),
(412, 'GORZ', 2),
(412, 'NIEZ', 1),
(412, 'SERC', 1),
(412, 'WISN', 1),
(413, 'ALPY', 2),
(413, 'KREM', 1),
(413, 'POLN', 2),
(413, 'SERC', 2),
(413, 'WISN', 1),
(420, 'DELI', 4),
(421, 'FANT', 4),
(422, 'PACY', 4),
(422, 'KREM', 3),
(422, 'SERC', 8),
(424, 'FANT', 3),
(424, 'ALPY', 3),
(424, 'SGOR', 3),
(425, 'SUPR', 4),
(426, 'DELI', 4),
(426, 'NIEZ', 3),
(426, 'INTE', 2);

-- --------------------------------------------------------

--
-- Zastąpiona struktura widoku `v_imiona`
-- (See below for the actual view)
--
CREATE TABLE `v_imiona` (
`imie` varchar(13)
,`nazwisko` varchar(15)
,`miasto` varchar(15)
);

-- --------------------------------------------------------

--
-- Zastąpiona struktura widoku `v_zam`
-- (See below for the actual view)
--
CREATE TABLE `v_zam` (
`imie` varchar(13)
,`nazwisko` varchar(15)
,`zamowienia` bigint(21)
);

-- --------------------------------------------------------

--
-- Struktura tabeli dla tabeli `wysylka`
--

CREATE TABLE `wysylka` (
  `NumerPrzewoznika` int(1) NOT NULL,
  `WojRegionWysylki` varchar(19) NOT NULL,
  `OplataZaPrzesylke` varchar(5) DEFAULT NULL
) ENGINE=InnoDB DEFAULT CHARSET=utf8 COLLATE=utf8_general_ci;

--
-- Dumping data for table `wysylka`
--

INSERT INTO `wysylka` (`NumerPrzewoznika`, `WojRegionWysylki`, `OplataZaPrzesylke`) VALUES
(1, 'Bayern', '7.60'),
(1, 'Braunscheig', '7.60'),
(1, 'dolnośląskie', '4.30'),
(1, 'kujawsko-pomorskie', '4.20'),
(1, 'Litwa', '10.10'),
(1, 'lubelskie', '4.25'),
(1, 'lubuskie', '3.25'),
(1, 'mazowieckie', '4.25'),
(1, 'małopolskie', '3.75'),
(1, 'Niemcy', '7.60'),
(1, 'NY', '21.60'),
(1, 'opolskie', '4.25'),
(1, 'podkarpackie', '3.75'),
(1, 'podlaskie', '3.25'),
(1, 'pomorskie', '4.50'),
(1, 'Republika Czeska', '6.60'),
(1, 'śląskie', '3.15'),
(1, 'świętokrzyskie', '3.35'),
(1, 'USA', '21.60'),
(1, 'warmińsko-mazurskie', '4.75'),
(1, 'wielkopolskie', '4.25'),
(1, 'zachodniopomorskie', '4.25'),
(1, 'łódzkie', '3.50'),
(2, 'dolnośląskie', '3.25'),
(2, 'kujawsko-pomorskie', '3.25'),
(2, 'Litwa', '8.40'),
(2, 'lubelskie', '3.50'),
(2, 'lubuskie', '3.20'),
(2, 'mazowieckie', '3.50'),
(2, 'małopolskie', '3.50'),
(2, 'Niemcy', '7.00'),
(2, 'opolskie', '3.50'),
(2, 'podkarpackie', '4.25'),
(2, 'podlaskie', '4.35'),
(2, 'pomorskie', '3.50'),
(2, 'Republika Czeska', '6.00'),
(2, 'śląskie', '3.25'),
(2, 'świętokrzyskie', '4.25'),
(2, 'USA', '14.50'),
(2, 'warmińsko-mazurskie', '3.15'),
(2, 'wielkopolskie', '3.50'),
(2, 'zachodniopomorskie', '3.25'),
(2, 'łódzkie', '5.25'),
(3, 'dolnośląskie', '3.70'),
(3, 'kujawsko-pomorskie', '3.35'),
(3, 'lubelskie', '3.50'),
(3, 'lubuskie', '4.25'),
(3, 'mazowieckie', '3.70'),
(3, 'małopolskie', '3.50'),
(3, 'opolskie', '3.75'),
(3, 'podkarpackie', '3.75'),
(3, 'podlaskie', '3.50'),
(3, 'pomorskie', '3.25'),
(3, 'śląskie', '3.50'),
(3, 'świętokrzyskie', '3.25'),
(3, 'warmińsko-mazurskie', '3.15'),
(3, 'łódzkie', '5.25');

-- --------------------------------------------------------

--
-- Struktura tabeli dla tabeli `zamowienia`
--

CREATE TABLE `zamowienia` (
  `NumerZamowienia` int(3) NOT NULL,
  `NumerKlienta` int(11) DEFAULT NULL,
  `NumerPrzewoznika` int(1) DEFAULT NULL,
  `DataZamowienia` date DEFAULT NULL,
  `Prezent` varchar(6) DEFAULT NULL,
  `FormaPlatnosci` varchar(1) DEFAULT NULL,
  `NazwiskoOdbiorcy` varchar(14) DEFAULT NULL,
  `ImieOdbiorcy` varchar(11) DEFAULT NULL,
  `UlicaOdbiorcy` varchar(27) DEFAULT NULL,
  `MiastoOdbiorcy` varchar(23) DEFAULT NULL,
  `WojRegionOdbiorcy` varchar(19) DEFAULT NULL,
  `KodPocztowyOdbiorcy` varchar(7) DEFAULT NULL,
  `KrajOdbiorcy` varchar(16) DEFAULT NULL,
  `NumerKonta` varchar(4) DEFAULT NULL,
  `DataWaznościKarty` date DEFAULT NULL,
  `KartaKredytowa` int(1) DEFAULT NULL,
  `NumerPracownika` int(2) DEFAULT NULL
) ENGINE=InnoDB DEFAULT CHARSET=utf8 COLLATE=utf8_general_ci;

--
-- Dumping data for table `zamowienia`
--

INSERT INTO `zamowienia` (`NumerZamowienia`, `NumerKlienta`, `NumerPrzewoznika`, `DataZamowienia`, `Prezent`, `FormaPlatnosci`, `NazwiskoOdbiorcy`, `ImieOdbiorcy`, `UlicaOdbiorcy`, `MiastoOdbiorcy`, `WojRegionOdbiorcy`, `KodPocztowyOdbiorcy`, `KrajOdbiorcy`, `NumerKonta`, `DataWaznościKarty`, `KartaKredytowa`, `NumerPracownika`) VALUES
(1, 96, 1, '1998-01-02', 'PRAWDA', '1', 'Borysiak', 'Jacek', 'Tatrzańska 4', 'Kraków', 'małopolskie', '06-114', 'Polska', '1667', '2000-05-01', 2, 1),
(2, 386, 2, '1998-01-02', 'PRAWDA', '1', 'Frąckowiak', 'Krzysztof', 'Prosta 14', 'Warszawa', 'mazowieckie', '78230', 'Polska', '2675', '1999-03-01', 1, 3),
(3, 131, 3, '1998-01-02', 'PRAWDA', '1', 'Kowalska', 'Helena', 'Prosta 14', 'Karłowice', 'małopolskie', '17-013', 'Polska', '1971', '2000-05-01', 2, 2),
(4, 332, 2, '1998-01-04', 'PRAWDA', '2', 'Głąbińska', 'Alicja', 'Okrężna 15', 'Nowy Tomyśl', 'wielkopolskie', '67-432', 'Polska', '2459', '2001-04-01', 3, 4),
(5, 373, 3, '1998-01-06', 'PRAWDA', '1', 'Hercz', 'Renata', 'Szekspira 13/4', 'Balice', 'małopolskie', '12-323', 'Polska', '2181', '2001-04-01', 3, 6),
(6, 1, 2, '1998-01-07', 'PRAWDA', '1', 'Kania', 'Julia', 'Mariensztacka 15', 'Warszawa', 'mazowieckie', '00-012', 'Polska', '2045', '2000-05-01', 1, 7),
(7, 24, 1, '1998-01-09', 'FAŁSZ', '1', 'Rzeczyńska', 'Joanna', 'Prosta 1', 'Chełm', 'lubelskie', '91-344', 'Polska', '1257', '2001-06-01', 3, 4),
(8, 374, 2, '1998-01-10', 'FAŁSZ', '2', 'Kuc', 'Maria', 'Karłowica 1/7 .100', 'Warszawa', 'mazowieckie', '02-442', 'Polska', '2891', '1999-03-01', 3, 5),
(9, 348, 1, '1998-01-12', 'FAŁSZ', '1', 'Keller', 'Stefan', 'Pieprzowa 10', 'Pniewy', 'mazowieckie', '07-011', 'Polska', '1529', '2001-06-01', 2, 7),
(10, 148, 1, '1998-01-15', 'PRAWDA', '1', 'Kogut', 'Andrzej', 'Kamienna 42 m.15', 'Chełm', 'lubelskie', '58-443', 'Polska', '1383', '2001-06-01', 1, 8),
(11, 154, 2, '1998-01-17', 'PRAWDA', '2', 'Lewacki', 'Edward', 'Dorotki 14', 'Frysztat', 'śląskie', '43-500', 'Polska', '1341', '2001-06-01', 1, 9),
(12, 80, 1, '1998-01-18', 'PRAWDA', '1', 'Lewacki', 'Ryszard', 'Ptasia 15', 'Suwałki', 'podlaskie', '34-788', 'Polska', '2453', '2001-04-01', 2, 10),
(13, 229, 3, '1998-01-18', 'PRAWDA', '1', 'Gwint', 'Bronisław', 'Strzelecka 88', 'Pabianice', 'łódzkie', '31-985', 'Polska', '2819', '1999-03-01', 3, 11),
(14, 224, 2, '1998-01-21', 'PRAWDA', '1', 'Nagły', 'Natalia', 'Alternatywy 5', 'Warszawa', 'mazowieckie', '00-101', 'Polska', '2877', '1999-03-01', 3, 13),
(15, 352, 1, '1998-01-21', 'PRAWDA', '2', 'Oberhofer', 'David', 'Essenstr. 144', 'Hamm', 'Detmold-Lippe', '06040', 'Niemcy', '1515', '2001-06-01', 1, 12),
(16, 234, 1, '1998-01-23', 'FAŁSZ', '1', 'Orczyńskie', 'Andrzej', 'Samochodowa 15', 'Warszawa', 'mazowieckie', '01-333', 'Polska', '2801', '1999-03-01', 3, 12),
(17, 254, 2, '1998-01-24', 'FAŁSZ', '1', 'Hajek', 'Zygmunt', 'Śródziemnomorska 3 m. 71', 'Wrocław', 'dolnośląskie', '10-654', 'Polska', '2315', '2001-04-01', 3, 13),
(18, 38, 3, '1998-01-26', 'FAŁSZ', '1', 'Kania', 'Robert', 'Nadrazni 44', 'Bohumin', 'Ostrava', '424-22', 'Republika Czeska', '2567', '1999-03-01', 2, 13),
(19, 174, 2, '1998-01-28', 'FAŁSZ', '2', 'Naborowski', 'Dariusz', 'Warszawska 3', 'Wilno', 'Wilno', '658245', 'Litwa', '2247', '2001-04-01', 1, 14),
(20, 289, 3, '1998-02-01', 'PRAWDA', '1', 'Press', 'Robert', 'Czarna 31', 'Milowice', 'kujawsko-pomorskie', '55-434', 'Polska', '2499', '1999-03-01', 1, 1),
(22, 324, 1, '1998-02-05', 'PRAWDA', '1', 'Renata', 'Gil', 'Leśna 15', 'Klarowice', 'mazowieckie', '02-324', 'Polska', '3077', '1999-03-01', 2, 1),
(23, 315, 2, '1998-02-07', 'PRAWDA', '2', 'Kowalska', 'Rebeka', 'Świeża 34', 'Poznań', 'wielkopolskie', '65-956', 'Polska', '1437', '2001-06-01', 3, 2),
(24, 5, 3, '1998-02-08', 'PRAWDA', '1', 'Hilton', 'Leszek', 'Bahnhoffstr. 141/ 3', 'Donau', 'Bayern', '34023', 'Niemcy', '2945', '1999-03-01', 3, 3),
(25, 145, 2, '1998-02-09', 'PRAWDA', '1', 'Walerska', 'Nina', 'Piotrowska 13 m. 40', 'Poznań', 'wielkopolskie', '93-401', 'Polska', '1299', '2001-06-01', 1, 4),
(26, 64, 3, '1998-02-10', 'FAŁSZ', '1', 'Dawczyńska', 'Patrycja', 'Rafowa 14', 'Pleszew', 'wielkopolskie', '12-032', 'Polska', '2301', '2001-04-01', 3, 5),
(27, 335, 3, '1998-02-10', 'FAŁSZ', '2', 'Górski', 'Robert', 'Praworządności', 'Pilzno', 'małopolskie', '15-222', 'Polska', '1947', '2000-05-01', 3, 6),
(28, 197, 2, '1998-02-12', 'FAŁSZ', '1', 'Gont', 'Eugeniusz', 'Żużlowa 66', 'Wilamowice', 'dolnośląskie', '66-032', 'Polska', '2835', '1999-03-01', 2, 7),
(29, 175, 2, '1998-02-12', 'FAŁSZ', '1', 'Kowalski', 'Adam', 'Rudzka 6 m. 5', 'Gliwice', 'śląskie', '44-100', 'Polska', '2907', '1999-03-01', 1, 4),
(31, 87, 2, '1998-02-14', 'PRAWDA', '2', 'Zahoor', 'Ali', '597 West End Ave.', 'New York', 'NY', '10011', 'USA', '3051', '1999-03-01', 1, 3),
(32, 29, 1, '1998-02-14', 'PRAWDA', '1', 'Rodzińska', 'Beata', 'Rafowa 13', 'Kielce', 'świętokrzyskie', '34-004', 'Polska', '1845', '2000-05-01', 2, 2),
(33, 62, 3, '1998-02-16', 'PRAWDA', '1', 'Mor', 'Hanna', 'Wierzbowa 99', 'Radlin', 'śląskie', '44-310', 'Polska', '2177', '2001-04-01', 3, 5),
(34, 306, 2, '1998-02-16', 'PRAWDA', '1', 'Stokłosa', 'Piotr', 'Odległa 34', 'Radlin', 'śląskie', '44-310', 'Polska', '2451', '2001-04-01', 3, 7),
(35, 330, 3, '1998-02-17', 'PRAWDA', '2', 'Serafin', 'Zofia', 'Sanowa 8', 'Leżajsk', 'podkarpackie', '37-300', 'Polska', '2025', '2000-05-01', 1, 8),
(37, 26, 2, '1998-02-22', 'FAŁSZ', '1', 'Minsk', 'Jeremiasz', 'Nieziemska 1', 'Macharce', 'małopolskie', '87-401', 'Polska', '2709', '1999-03-01', 3, 8),
(38, 298, 3, '1998-02-22', 'FAŁSZ', '1', 'Michałowicz', 'Janina', 'Żeglarska 100', 'Kołobrzeg', 'zachodniopomorskie', '11-451', 'Polska', '3029', '1999-03-01', 2, 7),
(39, 280, 2, '1998-02-27', 'FAŁSZ', '2', 'Kania', 'Julia', 'Mariensztacka 12', 'Warszawa', 'mazowieckie', '00-012', 'Polska', '2717', '1999-03-01', 1, 6),
(40, 278, 1, '1998-03-01', 'PRAWDA', '1', 'Dugas', 'Robert', 'Dickensa 134', 'Śmilowice', 'śląskie', '40-012', 'Polska', '1893', '2000-05-01', 1, 8),
(41, 96, 1, '1998-03-02', 'PRAWDA', '1', 'Eszka', 'Renata', 'Źródlana 13', 'Płock', 'mazowieckie', '07-222', 'Polska', '2757', '1999-03-01', 1, 4),
(42, 215, 2, '1998-03-03', 'PRAWDA', '1', 'Pieczka', 'Franciczek', 'Korfantego 1', 'Katowice', 'śląskie', '40-001', 'Polska', '2055', '2001-05-01', 2, 14),
(43, 16, 3, '1998-03-05', 'PRAWDA', '2', 'Linda', 'Bronisław', 'Książęca', 'Książenice', 'śląskie', '44-987', 'Polska', '1265', '2001-06-01', 3, 2),
(44, 37, 2, '1998-03-08', 'PRAWDA', '1', 'Linda', 'Linda', 'warszawska', 'Pomiechówek', 'mazowieckie', '01-383', 'Polska', '1875', '2000-05-01', 3, 5),
(45, 68, 3, '1998-03-08', 'PRAWDA', '1', 'Feldman', 'Karol', 'Wrześniowa 8', 'Starachowice', 'zachodniopomorskie', '85-344', 'Polska', '1821', '2000-05-01', 1, 8),
(46, 369, 2, '1998-03-10', 'FAŁSZ', '2', 'Podhalański', 'Ireneusz', 'Kraniewska 3', 'Opole', 'opolskie', '48-104', 'Polska', '2205', '2001-04-01', 3, 6),
(47, 228, 1, '1998-03-12', 'FAŁSZ', '1', 'Prekurat', 'Wojciech', 'Praska 1', 'Brodnica', 'kujawsko-pomorskie', '10-095', 'Polska', '1779', '2000-05-01', 2, 9),
(48, 230, 2, '1998-03-14', 'FAŁSZ', '1', 'Średnicka', 'Katarzyna', 'Mleczna 144', 'Naklik', 'lubelskie', '31-332', 'Polska', '2609', '1999-03-01', 1, 11),
(49, 226, 3, '1998-03-16', 'PRAWDA', '1', 'Huculska', 'Małgorzata', 'Ustrzyki Górna 155', 'Ustrzyki Górne', 'podkarpackie', '33-901', 'Polska', '2037', '2000-05-01', 1, 11),
(50, 219, 2, '1998-03-19', 'PRAWDA', '2', 'Stoma', 'Robert', 'Motokrosowa 44', 'Kłodzko', 'dolnośląskie', '44-321', 'Polska', '2207', '2001-04-01', 1, 11),
(51, 73, 1, '1998-03-19', 'PRAWDA', '1', 'Malowski', 'Henryk', 'Krapkowicka', 'Głogówek', 'opolskie', '85-992', 'Polska', '3201', '1999-03-01', 2, 13),
(52, 54, 2, '1998-03-21', 'PRAWDA', '1', 'Barnaba', 'Marcin', 'Kraszewskiego 88', 'Szczegin', 'zachodniopomorskie', '14-805', 'Polska', '1859', '2000-05-01', 3, 13),
(53, 340, 3, '1998-03-22', 'PRAWDA', '1', 'Kowalski', 'Stanisław', 'Okrężna 88 /4', 'Siedlce', 'łódzkie', '68-342', 'Polska', '3017', '1999-03-01', 3, 11),
(54, 359, 2, '1998-03-24', 'PRAWDA', '2', 'Babczyńska', 'Edwina', 'Portowa 11', 'Gdańsk', 'pomorskie', '48-933', 'Polska', '1331', '2001-06-01', 1, 14),
(55, 161, 2, '1998-03-25', 'FAŁSZ', '1', 'Khout', 'Kim', '42 El Camino Dr.', 'Charleston', 'SC', '29445', 'USA', '1661', '2000-05-01', 3, 13),
(56, 279, 3, '1998-03-26', 'FAŁSZ', '1', 'Kichau', 'Krysian', 'Prezydencka 33', 'Kurnik', 'wielkopolskie', '55-074', 'Polska', '2897', '1999-03-01', 3, 2),
(57, 263, 3, '1998-03-28', 'FAŁSZ', '1', 'Bierut', 'Elżnbieta', 'Niebiańska 99', 'Warszawa', 'mazowieckie', '00-599', 'Polska', '2303', '2001-04-01', 2, 5),
(58, 268, 1, '1998-03-29', 'FAŁSZ', '2', 'Charliński', 'Witold', 'Foksal 7 m.30', 'Warszawa', 'mazowieckie', '08-103', 'Polska', '1871', '2000-05-01', 1, 7),
(59, 317, 1, '1998-03-30', 'PRAWDA', '1', 'Harkonen', 'Marek', 'Jeziorańska 88', 'Mrągowo', 'warmińsko-mazurskie', '33-142', 'Polska', '2079', '2000-05-01', 1, 8),
(60, 269, 2, '1998-03-30', 'PRAWDA', '1', 'Frąckowiak', 'Beata', 'Biała 4', 'Gdańsk', 'pomorskie', '55-321', 'Polska', '1293', '2001-06-01', 1, 9),
(61, 256, 2, '1998-04-01', 'PRAWDA', '1', 'Hibner', 'Ryszard', 'Górna 14', 'Wadowice', 'małopolskie', '012-332', 'Polska', '1539', '2000-05-01', 2, 7),
(62, 257, 3, '1998-04-01', 'PRAWDA', '2', 'Łęcka', 'Genowefa', 'Nadmorska 55', 'Szczecin', 'zachodniopomorskie', '55-405', 'Polska', '1917', '2000-05-01', 3, 4),
(63, 282, 3, '1998-04-02', 'PRAWDA', '1', 'Mostowicz', 'Łucja', 'Barteczka 27/2', 'Nowolipie', 'mazowieckie', '44-323', 'Polska', '1533', '2001-06-01', 3, 5),
(64, 399, 2, '1998-04-03', 'PRAWDA', '1', 'Olbrycht', 'Eliza', 'Jastrzębia 37', 'Gliwice', 'śląskie', '44-100', 'Polska', '1283', '2001-06-01', 1, 5),
(65, 63, 3, '1998-04-05', 'FAŁSZ', '1', 'Laskowska', 'Krystyna', 'Dolne Wały 144/3', 'Gliwice', 'śląskie', '44-100', 'Polska', '2057', '2000-05-01', 3, 6),
(66, 269, 1, '1998-04-07', 'FAŁSZ', '2', 'Kanty', 'Jan', 'Floriańska 15', 'Kraków', 'małopolskie', '01-200', 'Polska', '2531', '1999-03-01', 3, 8),
(67, 49, 3, '1998-04-10', 'FAŁSZ', '1', 'Karuzo', 'Filomena', 'Opolska 15', 'Głógówek', 'zachodniopomorskie', '32-765', 'Polska', '3105', '1999-03-01', 2, 7),
(68, 209, 2, '1998-04-11', 'FAŁSZ', '1', 'Głowacka', 'Klara', 'Bogumińska 100', 'Wodzisław Śl.', 'śląskie', '44-100', 'Polska', '2649', '1999-03-01', 1, 9),
(69, 319, 1, '1998-04-12', 'PRAWDA', '1', 'Borowska', 'Małgorzata', 'Głęboka 14/44', 'Cieszyn', 'śląskie', '43-400', 'Polska', '2657', '1999-03-01', 1, 5),
(70, 358, 2, '1998-04-14', 'PRAWDA', '2', 'Darczyński', 'Paweł', 'Lincolna 15', 'Kraków', 'małopolskie', '82-492', 'Polska', '1595', '2000-05-01', 1, 4),
(71, 90, 3, '1998-04-15', 'PRAWDA', '1', 'Miller', 'Zuzanna', 'Krupówki 55', 'Zakopane', 'małopolskie', '13-889', 'Polska', '3189', '1999-03-01', 2, 7),
(72, 299, 2, '1998-04-15', 'PRAWDA', '1', 'Wojaczek', 'Albert', '1 Maja 13', 'Rybnik', 'śląskie', '44-270', 'Polska', '2429', '2001-04-01', 3, 5),
(73, 11, 1, '1998-04-17', 'PRAWDA', '1', 'Hojek', 'Zuzanna', 'Śnieżna 55', 'Bieruń', 'śląskie', '43-150', 'Polska', '1805', '2000-05-01', 3, 9),
(74, 114, 2, '1998-04-19', 'PRAWDA', '2', 'Ludew', 'Michał', 'Brzegu Dolnego 55', 'Poznań', 'wielkopolskie', '45-887', 'Polska', '2463', '2001-04-01', 1, 6),
(75, 212, 3, '1998-04-21', 'FAŁSZ', '1', 'Mulicka', 'Dorota', 'Żelazna 9 m. 4', 'Zakopane', 'małopolskie', '91-311', 'Polska', '1803', '2000-05-01', 3, 12),
(76, 71, 1, '1998-04-23', 'FAŁSZ', '1', 'Radomska', 'Jolanta', 'Chemików 4 m. 32', 'Jelenia Góra', 'dolnośląskie', '94-706', 'Polska', '3227', '1999-03-01', 3, 14),
(77, 305, 3, '1998-04-26', 'FAŁSZ', '1', 'Madziar', 'Barbara', 'Grochowa 34', 'Szklarska Por.', 'dolnośląskie', '33-625', 'Polska', '2381', '2001-04-01', 2, 10),
(78, 270, 1, '1998-04-26', 'FAŁSZ', '2', 'Cianciara', 'Juliusz', 'Kamieniecka 21', 'Częstkochowa', 'śląskie', '32-303', 'Polska', '2811', '1999-03-01', 1, 10),
(80, 286, 3, '1998-04-28', 'PRAWDA', '1', 'Krąbczyńska', 'Dorota', 'Leśna Droga 13', 'Antoszyce', 'łódzkie', '03-216', 'Polska', '1655', '2000-05-01', 1, 10),
(81, 187, 2, '1998-04-28', 'PRAWDA', '1', 'Parnicka', 'Julia', '45 Ocean St.', 'Ostrowiec Świętokrzyski', 'świętokrzyskie', '30-341', 'Polska', '1487', '2001-06-01', 2, 12),
(82, 56, 1, '1998-04-28', 'PRAWDA', '2', 'Romańskie', 'Daniel', 'Anielska 34', 'Płaska', 'podlaskie', '90-019', 'Polska', '1583', '2000-05-01', 3, 14),
(83, 353, 1, '1998-04-29', 'PRAWDA', '1', 'Latoszycki', 'Wiesłam', 'Dolna 34', 'Zielona Góra', 'lubuskie', '60-465', 'Polska', '1647', '2000-05-01', 3, 1),
(84, 339, 2, '1998-04-29', 'PRAWDA', '1', 'Lerski', 'Bolesław', 'Młyńska 66', 'Żary', 'lubuskie', '75-201', 'Polska', '1629', '2000-05-01', 1, 2),
(85, 240, 3, '1998-04-30', 'FAŁSZ', '1', 'Nowak', 'Grażyna', 'Witaminowa 12/14', 'Poznań', 'wielkopolskie', '75-201', 'Polska', '1499', '2001-06-01', 3, 3),
(86, 142, 2, '1998-04-30', 'FAŁSZ', '2', 'Gruszczyński', 'Karol', 'Sosnowa 47', 'Zalesie Górne', 'mazowieckie', '09-801', 'Polska', '2615', '1999-03-01', 3, 2),
(87, 177, 2, '1998-04-30', 'FAŁSZ', '1', 'Lorski', 'Józek', 'Wołoska 45 m. 79', 'Warszawa', 'mazowieckie', '03-701', 'Polska', '1457', '2001-06-01', 2, 5),
(88, 243, 3, '1998-04-30', 'FAŁSZ', '1', 'Goldberg', 'Jan', 'Zamkowa 45 m. 39', 'Lublin', 'lubelskie', '57-718', 'Polska', '1635', '2000-05-01', 1, 4),
(89, 108, 2, '1998-05-01', 'PRAWDA', '1', 'Pogoda', 'Renata', 'Lekarska', 'Piotrowice', 'śląskie', '34-332', 'Polska', '2729', '1999-03-01', 1, 5),
(90, 325, 2, '1998-05-01', 'PRAWDA', '2', 'Cienkewicz', 'Krystian', '7775 SW Clinton Ave.', 'Toruń', 'kujawsko-pomorskie', '83-501', 'Polska', '1637', '2000-05-01', 1, 8),
(91, 309, 3, '1998-05-01', 'PRAWDA', '1', 'Welurska', 'Zuzanna', 'Uniwersytecka 55', 'Bydgoszcz', 'kujawsko-pomorskie', '79-764', 'Polska', '1659', '2000-05-01', 2, 5),
(92, 364, 2, '1998-05-02', 'PRAWDA', '1', 'Lorek', 'Maria', 'Wileńska 55', 'Sejny', 'podlaskie', '92-354', 'Polska', '3059', '1999-03-01', 3, 4),
(93, 337, 1, '1998-05-02', 'PRAWDA', '1', 'Hen', 'Kamila', 'Armii Krajowej 55/ 7', 'Warszawa', 'mazowieckie', '06-301', 'Polska', '3089', '1999-03-01', 3, 2),
(94, 366, 2, '1998-05-02', 'PRAWDA', '2', 'Kozielski', 'Wojciech', 'Krzywa 15', 'Tarnogród', 'lubelskie', '31-555', 'Polska', '2723', '1999-03-01', 1, 3),
(95, 157, 3, '1998-05-03', 'FAŁSZ', '1', 'Kobryń', 'Krystyna', 'Piotrkowska 723/733', 'Łódź', 'łódzkie', '32-195', 'Polska', '1685', '2000-05-01', 3, 3),
(96, 104, 2, '1998-05-03', 'FAŁSZ', '1', 'Koehler', 'Robert', 'Polany 8 m. 9', 'Katowice', 'śląskie', '10-956', 'Polska', '1493', '2001-06-01', 3, 3),
(97, 127, 1, '1998-05-03', 'FAŁSZ', '1', 'Świderski', 'Marek', 'Kolejowa 6 m. 87', 'Mińsk Maz.', 'mazowieckie', 'A1A 3G7', 'Polska', '2525', '2000-03-01', 2, 3),
(98, 377, 2, '1998-05-03', 'FAŁSZ', '2', 'Mały', 'Piotr', 'Krzywa 21', 'Kolbuszowa', 'podkarpackie', '37-914', 'Polska', '1823', '2000-05-01', 1, 3),
(99, 214, 3, '1998-05-04', 'PRAWDA', '1', 'Daniel', 'Marian', 'Cieni 77', 'Radzin', 'podkarpackie', '55-998', 'Polska', '2039', '2000-05-01', 1, 3),
(100, 307, 2, '1998-05-04', 'PRAWDA', '1', 'Weber', 'Tomasz', 'Przypadku 77', 'Kraków', 'małopolskie', '39-100', 'Polska', '2427', '2001-04-01', 1, 5),
(101, 329, 2, '1998-05-04', 'PRAWDA', '1', 'Nieruchiewicz', 'Jan', 'Bachurzec 88', 'Krasiczyn', 'podkarpackie', '55-232', 'Polska', '1809', '2000-05-01', 2, 5),
(102, 103, 3, '1998-05-04', 'PRAWDA', '2', 'Wełtawa', 'Janina', 'Kominiarska 55', 'Ustronie Morskie', 'zachodniopomorskie', '66-544', 'Polska', '3233', '1999-03-01', 3, 5),
(103, 53, 2, '1998-05-04', 'PRAWDA', '1', 'Sułek', 'Piotr', 'Prosta 12', 'Kamieńczyk n/B.', 'mazowieckie', '65-456', 'Polska', '2423', '2001-04-01', 3, 5),
(104, 84, 3, '1998-05-05', 'PRAWDA', '1', 'Saba', 'Sylwia', 'Fosowa 44', 'Malbork', 'pomorskie', '87-034', 'Polska', '1355', '2001-06-01', 1, 5),
(105, 79, 2, '1998-05-05', 'FAŁSZ', '1', 'Kanty', 'Narcyz', 'Armii Sprzymieżonych 155/4', 'Dębica', 'małopolskie', '41-232', 'Polska', '2475', '1999-03-01', 3, 5),
(106, 131, 3, '1998-05-05', 'FAŁSZ', '2', 'Zdrojewski', 'Bogdan', 'Długi Targ 11 m. 98', 'Gdańsk', 'kujawsko-pomorskie', '50-261', 'Polska', '1797', '2000-05-01', 3, 5),
(107, 375, 2, '1998-05-05', 'FAŁSZ', '1', 'Morawski', 'Krystian', 'Portowa 1', 'Mrzeżyno', 'zachodniopomorskie', '27-101', 'Polska', '1977', '2000-05-01', 2, 5),
(108, 96, 1, '1998-05-06', 'FAŁSZ', '1', 'Żelazko', 'Magdalena', 'Klonowa 1 m. 1', 'Świder', 'mazowieckie', '08-104', 'Polska', '1505', '2001-06-01', 1, 5),
(109, 114, 2, '1998-05-08', 'PRAWDA', '1', 'Gryczyński', 'Piotr', 'Pętlowa 24 m.1', 'Kielce', 'świętokrzyskie', '81-301', 'Polska', '2469', '1999-03-01', 1, 5),
(110, 246, 3, '1998-05-08', 'PRAWDA', '2', 'Zieliński', 'Robert', 'Zatokowa 24', 'Grajweo', 'pomorskie', '98-368', 'Polska', '2357', '2001-04-01', 1, 5),
(111, 313, 2, '1998-05-08', 'PRAWDA', '1', 'Morlan', 'Elżbieta', 'Mszycy 34', 'Świnoujście', 'zachodniopomorskie', '83-201', 'Polska', '2223', '2001-04-01', 2, 5),
(112, 166, 3, '1998-05-09', 'PRAWDA', '1', 'Jodełka', 'Ireneusz', 'Kolejowa 33 m.15', 'Głogówek', 'opolskie', '34-887', 'Polska', '2285', '2001-04-01', 3, 5),
(113, 262, 1, '1998-05-09', 'PRAWDA', '1', 'Kurtz', 'Kazimierz', 'Al.. Piłsudskiego 55 m. 114', 'Łódź', 'łódzkie', 'A1A 1L3', 'Polska', '2595', '1999-03-01', 3, 5),
(114, 54, 2, '1998-05-09', 'PRAWDA', '2', 'Einstein', 'Albert', 'Unter den Linden 34', 'Berlin', 'Sachsen', '00111', 'Niemcy', '1839', '2000-05-01', 1, 5),
(115, 143, 3, '1998-05-09', 'FAŁSZ', '1', 'Korta', 'Henryk', 'Sportowa 44 m. 19', 'Katowice', 'śląskie', '78-759', 'Polska', '1857', '2000-05-01', 3, 5),
(116, 137, 2, '1998-05-10', 'FAŁSZ', '1', 'Domański', 'Andrzej', 'Lubelska 2', 'Krasnystaw', 'lubelskie', '49-103', 'Polska', '2751', '1999-03-01', 3, 5),
(117, 126, 1, '1998-05-10', 'FAŁSZ', '1', 'Kobylarczyk', 'Ariela', 'Gronik 12', 'Groń', 'małopolskie', '95-621', 'Polska', '2927', '1999-03-01', 2, 5),
(118, 345, 2, '1998-05-10', 'FAŁSZ', '2', 'Fortin', 'Ludwik', 'Malczewskiego 44/45', 'Tczew', 'pomorskie', '55-746', 'Polska', '3035', '1999-03-01', 1, 5),
(119, 276, 3, '1998-05-10', 'PRAWDA', '1', 'Staurnicka', 'Świętosława', 'Ameryka 501', 'Ameryka', 'zachodniopomorskie', '67-809', 'Polska', '3165', '1999-03-01', 1, 5),
(120, 132, 2, '1998-05-10', 'PRAWDA', '1', 'Szampański', 'Ryszard', 'Niepodległości 44', 'Ruda Śl.', 'śląskie', '49-083', 'Polska', '1863', '2000-05-01', 1, 5),
(121, 28, 3, '1998-05-11', 'PRAWDA', '1', 'Wongier', 'Ryszarda', 'Szczytowa 8 /14', 'Bulowice', 'śląskie', '59-801', 'Polska', '1713', '2000-05-01', 2, 4),
(122, 365, 1, '1998-05-11', 'PRAWDA', '2', 'Morczyński', 'Krzysztof', 'Północna 97', 'Lubaczów', 'podkarpackie', '55-746', 'Polska', '1767', '2000-05-01', 3, 7),
(123, 344, 2, '1998-05-11', 'PRAWDA', '1', 'Naciskot', 'Renata', 'Telegrafistów 59', 'Dąbki', 'podkarpackie', '91-320', 'Polska', '2955', '1999-03-01', 3, 7),
(124, 128, 3, '1998-05-11', 'PRAWDA', '1', 'Ciążycki', 'Patryk', 'Alabastrowa 44', 'Sucha Beskidzka', 'małopolskie', '89-114', 'Polska', '3207', '1999-03-01', 1, 7),
(125, 252, 2, '1998-05-12', 'FAŁSZ', '1', 'Wręcka', 'Liza', 'Poprzeczna 77 /4', 'Waszowice', 'warmińsko-mazurskie', '20-008', 'Polska', '2409', '2001-04-01', 3, 7),
(126, 129, 1, '1998-05-12', 'FAŁSZ', '2', 'Watin', 'Marcin', 'Roosvelta 92', 'Gniezno', 'wielkopolskie', '99-373', 'Polska', '1737', '2000-05-01', 3, 7),
(127, 97, 2, '1998-05-12', 'FAŁSZ', '1', 'Holik', 'Iveta', 'Hlavna 18', 'Brno', 'Brno', '443-22', 'Republika Czeska', '3173', '1999-03-01', 2, 7),
(128, 111, 3, '1998-05-12', 'FAŁSZ', '1', 'Wesołowski', 'Lucjan', 'Koncertowa 18', 'Słupsk', 'pomorskie', '63-132', 'Polska', '2841', '1999-03-01', 1, 7),
(129, 185, 2, '1998-05-13', 'PRAWDA', '1', 'Schroeder', 'Karen', '18 River Way', 'McLean', 'VA', '22102', 'USA', '2981', '1999-03-01', 1, 7),
(130, 356, 1, '1998-05-13', 'PRAWDA', '2', 'Szkot', 'Maciej', 'PKWN 44', 'Sosnowiec', 'śląskie', '85-306', 'Polska', '3093', '1999-03-01', 1, 7),
(131, 79, 2, '1998-05-13', 'PRAWDA', '1', 'Kanty', 'Daniel', 'Krzysztofa 44', 'Dębica', 'małopolskie', '11-432', 'Polska', '3101', '1999-03-01', 2, 7),
(132, 210, 3, '1998-05-14', 'PRAWDA', '1', 'Mona', 'Liza', 'Ziętka', 'Katowice', 'śląskie', '40-100', 'Polska', '2631', '1999-03-01', 3, 7),
(134, 387, 1, '1998-05-16', 'FAŁSZ', '1', 'Nowicki', 'Bogdan', 'Parkowa 44', 'Pyrzowice', 'śląskie', '70-053', 'Polska', '3149', '1999-03-01', 3, 7),
(135, 139, 3, '1998-05-16', 'FAŁSZ', '1', 'Młodkowska', 'Ewa', 'Fossowskie 19', 'Kolonowskie', 'opolskie', '25-456', 'Polska', '2591', '1999-03-01', 3, 7),
(136, 86, 1, '1998-05-16', 'FAŁSZ', '1', 'Przebirowska', 'Elżbieta', 'Podwale 30 m. 4', 'Gdynia', 'pomorskie', '39-115', 'Polska', '3003', '1999-03-01', 2, 8),
(137, 4, 3, '1998-05-16', 'FAŁSZ', '2', 'Jurecki', 'Waldemar', 'Krzywa 34', 'Warszawa', 'mazowieckie', '01-222', 'Polska', '2765', '1999-03-01', 1, 8),
(138, 133, 1, '1998-05-16', 'PRAWDA', '1', 'Snyder', 'Linda', '89 Washington Dr.', 'Clovis', 'NM', '88101', 'Polska', '1565', '2000-05-01', 1, 8),
(139, 119, 2, '1998-05-17', 'PRAWDA', '1', 'Przywara', 'Hanna', 'Przykopa 33', 'Martusin', 'lubelskie', '44-342', 'Polska', '2547', '1999-03-01', 1, 8),
(140, 124, 1, '1998-05-17', 'PRAWDA', '1', 'Hernik', 'Tomasz', 'Serowa 55', 'Cieszyn', 'śląskie', '43-400', 'Polska', '1835', '2000-05-01', 2, 8),
(141, 16, 3, '1998-05-17', 'PRAWDA', '2', 'Filipek', 'Roland', 'Gorczyca 78', 'Gorczyca', 'podlaskie', '87-803', 'Polska', '2445', '2001-04-01', 3, 8),
(142, 425, 1, '1998-05-17', 'PRAWDA', '1', 'Dentycki', 'Grzegorz', 'Przymiejska 1', 'Frącki', 'podlaskie', '89-341', 'Polska', '1943', '2000-05-01', 3, 8),
(143, 424, 2, '1998-05-17', 'PRAWDA', '1', 'Chorążyczewska', 'Klaudia', 'Żarska 1', 'Żagań', 'lubuskie', '15-356', 'Polska', '2699', '1999-03-01', 1, 8),
(144, 432, 3, '1998-05-18', 'FAŁSZ', '1', 'Witczak', 'Jarosław', 'Kolejowa 14 m. 6', 'Radom', 'mazowieckie', '20-907', 'Polska', '2787', '1999-03-01', 3, 8),
(145, 360, 2, '1998-05-18', 'FAŁSZ', '2', 'Gawryś', 'Andrzej', 'Mickiewicza 33 m.34', 'Warszawa', 'mazowieckie', '05-517', 'Polska', '2153', '2001-04-01', 3, 8),
(146, 336, 3, '1998-05-19', 'FAŁSZ', '1', 'Szeptycki', 'Lech', 'Lipowa 86 m.4', 'Zakopane', 'małopolskie', '60-465', 'Polska', '3069', '1999-03-01', 2, 8),
(147, 256, 1, '1998-05-19', 'FAŁSZ', '1', 'Bielawa', 'Wacław', 'Bułgarska 17', 'Opole', 'opolskie', '07-042', 'Polska', '3021', '1999-03-01', 1, 8),
(148, 74, 2, '1998-05-20', 'PRAWDA', '1', 'Herczyn', 'Jarosław', 'Piątkowa 8', 'Nowy Rudnik', 'lubelskie', '37-203', 'Polska', '2255', '2001-04-01', 1, 8),
(149, 18, 1, '1998-05-20', 'PRAWDA', '2', 'Jabłoński', 'Karol', 'Agrestowa 34', 'Kanapkowice', 'lubuskie', '60-548', 'Polska', '2003', '2000-05-01', 1, 9),
(150, 203, 3, '1998-05-20', 'PRAWDA', '1', 'Kozielski', 'Stefan', 'Paprociowa 88', 'Gilowice', 'śląskie', '95-148', 'Polska', '1887', '2000-05-01', 2, 9),
(152, 351, 1, '1998-05-21', 'PRAWDA', '1', 'Grystyniak', 'Szymon', 'Barska 4', 'Warszawa', 'mazowieckie', '00-123', 'Polska', '2075', '2000-05-01', 3, 9),
(153, 176, 3, '1998-05-21', 'PRAWDA', '1', 'Kisiel', 'Roman', 'Hibnera 12', 'Kurnik', 'wielkopolskie', '93-924', 'Polska', '1415', '2001-06-01', 3, 9),
(154, 188, 2, '1998-05-24', 'PRAWDA', '2', 'Lalicka', 'Elżbieta', 'Kopernika', 'Chodaków', 'lubelskie', '03-216', 'Polska', '1305', '2001-06-01', 1, 9),
(155, 381, 3, '1998-05-24', 'FAŁSZ', '1', 'Tatarewicz', 'Magda', 'Chłodna 19 m. 2', 'Warszawa', 'mazowieckie', '01-006', 'Polska', '2693', '1999-03-01', 3, 9),
(156, 152, 1, '1998-05-24', 'FAŁSZ', '1', 'Wojda', 'Jolanta', 'Siewnikowa 2', 'Otwock', 'mazowieckie', '08-933', 'Polska', '1421', '2001-06-01', 3, 9),
(157, 223, 2, '1998-05-25', 'FAŁSZ', '1', 'Karlińska', 'Milena', 'Tatrzańska 3 m. 79', 'Poznań', 'wielkopolskie', '94-965', 'Polska', '1365', '2001-06-01', 2, 9),
(158, 211, 1, '1998-05-25', 'FAŁSZ', '2', 'Jabłoński', 'Ryszard', 'Niegocińska 74', 'Warszawa', 'mazowieckie', '00-548', 'Polska', '2759', '1999-03-01', 1, 10),
(159, 140, 3, '1998-05-25', 'PRAWDA', '1', 'Lenczyński', 'Bogdan', 'Główna 82', 'Świnoujście', 'zachodniopomorskie', '37-203', 'Polska', '1473', '2001-06-01', 1, 10),
(160, 67, 1, '1998-05-26', 'PRAWDA', '1', 'Brajan', 'Stefan', 'Kościelna 27', 'Harbutowice', 'mazowieckie', '06-114', 'Polska', '3053', '1999-03-01', 1, 10),
(161, 232, 3, '1998-05-26', 'PRAWDA', '1', 'Kania', 'Rober', 'Wiązów 18', 'Kraków', 'małopolskie', '06-511', 'Polska', '2415', '2001-04-01', 2, 10),
(162, 35, 2, '1998-05-26', 'PRAWDA', '2', 'Filip', 'Robert', 'Wschodnia 34', 'Koluszki', 'mazowieckie', '80-210', 'Polska', '1509', '2001-06-01', 3, 10),
(163, 169, 3, '1998-05-27', 'PRAWDA', '1', 'Korek', 'Grzegorz', 'Rakietowa 34', 'Krywań', 'podkarpackie', '23-115', 'Polska', '1563', '2000-05-01', 3, 10),
(164, 193, 2, '1998-05-27', 'PRAWDA', '1', 'Małek', 'Loretta', 'Bazowa 66', 'Karlino', 'zachodniopomorskie', '95-336', 'Polska', '2537', '1999-03-01', 1, 11),
(165, 312, 3, '1998-05-27', 'FAŁSZ', '1', 'Kowner', 'Jacek', 'Biedronkowa 23 m. 11', 'Łódź', 'łódzkie', '52-403', 'Polska', '2123', '2001-04-01', 3, 11),
(166, 313, 1, '1998-05-28', 'FAŁSZ', '2', 'Karaśkiewicz', 'Krzysztof', 'Biedronkowa 321', 'Szczecin', 'zachodniopomorskie', '98-368', 'Polska', '2067', '2000-05-01', 3, 1),
(167, 314, 2, '1998-05-30', 'FAŁSZ', '1', 'Lisiecka', 'Małgorzata', 'Mickiewicza 10 m. 4', 'Bydgoszcz', 'kujawsko-pomorskie', '95-336', 'Polska', '2373', '2001-04-01', 2, 11),
(168, 178, 1, '1998-05-30', 'FAŁSZ', '1', 'Pawłowski', 'Wojciech', 'Pieczarkowa 2/4', 'Jasło', 'małopolskie', '90-017', 'Polska', '2457', '2001-04-01', 1, 1),
(169, 181, 2, '1998-05-30', 'PRAWDA', '1', 'Luzak', 'Jerzy', 'Słoneczna 33', 'Pabianice', 'łódzkie', '51-654', 'Polska', '1761', '2000-05-01', 1, 1),
(170, 171, 1, '1998-05-30', 'PRAWDA', '2', 'Żeglarz', 'Krystian', 'Szwedzka 55/3', 'Alwernia', 'małopolskie', '34-444', 'Polska', '3123', '1999-03-01', 1, 11),
(171, 70, 3, '1998-05-30', 'PRAWDA', '1', 'Wilczyński', 'Jan', 'Strażacka 44', 'Poznań', 'wielkopolskie', '21-900', 'Polska', '1865', '2000-05-01', 2, 11),
(172, 196, 2, '1998-06-01', 'PRAWDA', '1', 'Wodecki', 'Tadeusz', 'Historyczna 44', 'Rydułtowy', 'śląskie', '44-270', 'Polska', '2421', '2001-04-01', 3, 1),
(173, 116, 3, '1998-06-01', 'PRAWDA', '1', 'Prawy', 'Jan', 'Kościelna 12', 'Sułkowice', 'warmińsko-mazurskie', '87-232', 'Polska', '3153', '1999-03-01', 3, 11),
(174, 56, 2, '1998-06-02', 'PRAWDA', '2', 'Zajączek', 'Andzej', 'Św. Andrzeja 34', 'Katowice', 'śląskie', '40-100', 'Polska', '1281', '2001-06-01', 1, 11),
(175, 37, 1, '1998-06-02', 'FAŁSZ', '1', 'Jackowski', 'Donat', 'Klonowska 90', 'Pomiechówek', 'mazowieckie', '01-383', 'Polska', '1395', '2001-06-01', 3, 11),
(176, 99, 2, '1998-06-02', 'FAŁSZ', '1', 'Taraszkiewicz', 'Marlena', 'Kujawska 4a', 'Włocławek', 'kujawsko-pomorskie', '22-323', 'Polska', '3155', '1999-03-01', 3, 1),
(177, 66, 3, '1998-06-03', 'FAŁSZ', '1', 'Stańczyk', 'Marek', 'Siewna 37', 'Radom', 'mazowieckie', '21-864', 'Polska', '2139', '2001-04-01', 2, 11),
(178, 141, 2, '1998-06-03', 'FAŁSZ', '2', 'Giera', 'Czesław', 'Bajkowa 56', 'Radość', 'mazowieckie', '01-478', 'Polska', '1469', '2001-06-01', 1, 11),
(179, 164, 3, '1998-06-04', 'PRAWDA', '1', 'Francuz', 'Bogdan', 'Fasolowa 1', 'Lublin', 'lubelskie', '30-247', 'Polska', '1907', '2000-05-01', 1, 11),
(180, 236, 2, '1998-06-04', 'PRAWDA', '1', 'Adadyńska', 'Sandra', 'Leśna 1', 'Janów Podl.', 'łódzkie', '94-117', 'Polska', '3129', '1999-03-01', 1, 12),
(181, 90, 1, '1998-06-04', 'PRAWDA', '1', 'Wódecka', 'Elżbieta', 'Lobowa 9', 'Nowy Targ', 'małopolskie', '79-408', 'Polska', '1433', '2001-06-01', 2, 12),
(182, 301, 2, '1998-06-05', 'PRAWDA', '2', 'Kłęcz', 'Kryspin', 'Marcka 121', 'Kruliczewo', 'mazowieckie', '91-407', 'Polska', '1323', '2001-06-01', 3, 12),
(183, 273, 3, '1998-06-05', 'PRAWDA', '1', 'Kwiatek', 'Eryka', 'Wyścigówkowa 1', 'Tor', 'mazowieckie', '02-334', 'Polska', '2825', '1999-03-01', 3, 12),
(184, 94, 2, '1998-06-05', 'PRAWDA', '1', 'Nadzieja', 'Roman', 'Krzyżowa 4', 'Łódź', 'łódzkie', '19-032', 'Polska', '2085', '2000-05-01', 1, 12),
(185, 183, 3, '1998-06-07', 'FAŁSZ', '1', 'Maślanka', 'Sylwia', 'Przebojowa 8', 'Gdańsk', 'pomorskie', '55-302', 'Polska', '2141', '2001-04-01', 3, 12),
(186, 322, 2, '1998-06-07', 'FAŁSZ', '2', 'Waligórski', 'Dariusz', 'Główna 1', 'Wrocław', 'dolnośląskie', '34-231', 'Polska', '2295', '2001-04-01', 3, 14),
(187, 19, 1, '1998-06-07', 'FAŁSZ', '1', 'Wróblewski', 'Stanisław', 'Św. Salezego 14 m. 1', 'Marysin', 'mazowieckie', '09-047', 'Polska', '1491', '2001-06-01', 2, 12),
(188, 34, 2, '1998-06-08', 'FAŁSZ', '1', 'Trąbiński', 'Mateusz', 'Dworcowa 3 m. 4', 'Mińsk Maz.', 'mazowieckie', '06-486', 'Polska', '1527', '2001-06-01', 1, 12),
(189, 33, 3, '1998-06-08', 'PRAWDA', '1', 'Sznajder', 'Roman', 'Rolnicza 3', 'Strzelce Op.', 'opolskie', '31-998', 'Polska', '1623', '2000-05-01', 1, 12),
(190, 212, 2, '1998-06-08', 'PRAWDA', '2', 'Zamklas', 'Franciszek', 'Deszczowa 8', 'Olsztyn', 'warmińsko-mazurskie', '97-219', 'Polska', '1733', '2000-05-01', 1, 13),
(191, 25, 1, '1998-06-08', 'PRAWDA', '1', 'Pralnicki', 'Krzysztof', 'Delfina 8', 'Sernik', 'lubuskie', '43-002', 'Polska', '1373', '2001-06-01', 2, 12),
(192, 224, 2, '1998-06-09', 'PRAWDA', '1', 'Murański', 'Henryk', 'Filmowa 1', 'Warszawa', 'mazowieckie', '01-223', 'Polska', '1653', '2000-05-01', 3, 14),
(193, 10, 3, '1998-06-09', 'PRAWDA', '1', 'Schwarz', 'Herman', 'Eisenstr. 44', 'Altenau', 'Bayern', '60232', 'Niemcy', '1641', '2000-05-01', 3, 13),
(194, 44, 2, '1998-06-09', 'PRAWDA', '2', 'Molenda', 'Marcela', 'Ostravska 88', 'Trzyniec', 'Ostrava', '10956', 'Republika Czeska', '1295', '2001-06-01', 1, 13),
(195, 104, 1, '1998-06-09', 'FAŁSZ', '1', 'Koehler', 'Robert', 'Polany 8 m. 9', 'Katowice', 'śląskie', '10-956', 'Polska', '1377', '2001-06-01', 3, 13),
(196, 53, 2, '1998-06-10', 'FAŁSZ', '1', 'Teodorowicz', 'Krzysztof', 'Wyszkowska 56', 'Kamieńczyk n/B.', 'mazowieckie', '65-456', 'Polska', '2375', '2001-04-01', 3, 13),
(197, 52, 3, '1998-06-10', 'FAŁSZ', '1', 'Łagodzki', 'Włodzimierz', 'Zielna 34/36', 'Michalin', 'mazowieckie', '01-996', 'Polska', '1901', '2000-05-01', 2, 13),
(198, 372, 2, '1998-06-10', 'FAŁSZ', '2', 'Kowalsky', 'Mary', '124 32nd Ave. N.E.', 'New York', 'NY', '42332', 'USA', '1427', '2001-06-01', 1, 5),
(199, 34, 1, '1998-06-10', 'PRAWDA', '1', 'Wolensky', 'Josef', 'Hauptstr. 223', 'Braunschweig', 'Braunscheig', '11743', 'Niemcy', '1553', '2000-05-01', 1, 6),
(200, 102, 2, '1998-06-11', 'PRAWDA', '1', 'Józefowicz', 'Joanna', 'Nadrzędna 4', 'Kraków', 'małopolskie', '12-4123', 'Polska', '2715', '1999-03-01', 1, 5),
(201, 343, 3, '1998-06-11', 'PRAWDA', '1', 'Librzycki', 'Krystian', 'Pożarnicza 3', 'Kraków', 'małopolskie', '15-443', 'Polska', '2625', '1999-03-01', 2, 6),
(202, 271, 2, '1998-06-11', 'PRAWDA', '2', 'Platon', 'Robert', 'Widokowa 8', 'Libiąż', 'śląskie', '42-665', 'Polska', '2073', '2000-05-01', 3, 5),
(203, 89, 1, '1998-06-12', 'PRAWDA', '1', 'Kowalska', 'Flora', 'Kwiatowa 1', 'Anielice', 'mazowieckie', '03-232', 'Polska', '1829', '2000-05-01', 3, 6),
(204, 273, 2, '1998-06-15', 'PRAWDA', '1', 'Świątkowski', 'Piotr', 'Stawowa 45', 'Rybnik', 'śląskie', '67-410', 'Polska', '1599', '2000-05-01', 1, 6),
(205, 205, 3, '1998-06-15', 'FAŁSZ', '1', 'Kenar', 'Urszula', 'Krupówki 23', 'Zakopane', 'małopolskie', '35-320', 'Polska', '1961', '2000-05-01', 3, 8),
(206, 300, 2, '1998-06-15', 'FAŁSZ', '2', 'Stefańska', 'Danuta', 'Warecka 5/7 m. 34', 'Zegrze', 'mazowieckie', '07-754', 'Polska', '2241', '2001-04-01', 3, 8),
(207, 260, 1, '1998-06-17', 'FAŁSZ', '1', 'Szczygielski', 'Grzegorz', 'Wilcza 56 m. 78', 'Węgorzewo', 'warmińsko-mazurskie', '23-607', 'Polska', '1535', '2000-05-01', 2, 8),
(208, 216, 2, '1998-06-20', 'FAŁSZ', '1', 'Kacprzak', 'Grzegorz', 'Dworcowa 11', 'Janów Lub.', 'lubelskie', '14-862', 'Polska', '2229', '2001-04-01', 1, 8),
(209, 320, 3, '1998-06-21', 'PRAWDA', '1', 'Rudzki', 'Grzegorz', 'Bukietowa 14/3', 'Niechorze', 'zachodniopomorskie', '45-992', 'Polska', '1325', '2001-06-01', 1, 8),
(210, 259, 2, '1998-06-23', 'PRAWDA', '2', 'Karczewski', 'Daniel', 'Polna 34', 'Izabelin', 'mazowieckie', '03-332', 'Polska', '1727', '2000-05-01', 1, 8),
(212, 43, 2, '1998-06-27', 'PRAWDA', '1', 'Nowicki', 'Wiesławl', 'Kwiatowa 23', 'Czeladź', 'śląskie', '98-700', 'Polska', '2663', '1999-03-01', 3, 8),
(213, 382, 3, '1998-06-28', 'PRAWDA', '1', 'Markot', 'Karol', 'Kościuszki 2 m. 16', 'Zabrze', 'śląskie', '44-287', 'Polska', '1275', '2001-06-01', 3, 8),
(214, 150, 2, '1998-06-29', 'PRAWDA', '2', 'Wonsek', 'Janusz', 'Rolnicza 56', 'Legionowo', 'mazowieckie', '55-790', 'Polska', '1259', '2001-06-01', 1, 8),
(215, 285, 1, '1998-07-01', 'FAŁSZ', '1', 'Woliński', 'Damian', 'Srebrna 36 m.6', 'Myślenice', 'małopolskie', '23-450', 'Polska', '1673', '2000-05-01', 3, 8),
(216, 107, 2, '1998-07-03', 'FAŁSZ', '1', 'Feldman', 'Czesław', 'Słowisza 44 m.67', 'Łomianki', 'mazowieckie', '90-489', 'Polska', '1311', '2001-06-01', 3, 8),
(217, 295, 3, '1998-07-03', 'FAŁSZ', '1', 'Anchorska', 'Paulina', 'Dąbrowska5 m.8', 'Skoczów', 'śląskie', '66-398', 'Polska', '2613', '1999-03-01', 2, 8),
(218, 19, 2, '1998-07-03', 'FAŁSZ', '2', 'Fosak', 'Michał', 'Konopki 56 m.9', 'Poniatowa', 'lubelskie', '33-367', 'Polska', '2847', '1999-03-01', 1, 8),
(219, 287, 3, '1998-07-05', 'PRAWDA', '1', 'Heczko', 'Wioletta', 'Kormoranów 4', 'Kraśnik', 'lubelskie', '77-490', 'Polska', '2135', '2001-04-01', 1, 8),
(220, 148, 2, '1998-07-05', 'PRAWDA', '1', 'Nugat', 'Robert', 'Popiołka 56 m.9', 'Sulęcin', 'wielkopolskie', '65-678', 'Polska', '1715', '2000-05-01', 1, 8),
(221, 116, 3, '1998-07-06', 'PRAWDA', '1', 'Korona', 'Leokadia', 'Pakuły', 'Skoczów', 'śląskie', '88-900', 'Polska', '1431', '2001-06-01', 2, 8),
(222, 302, 2, '1998-07-06', 'PRAWDA', '2', 'Gudman', 'Paweł', 'Kosów 5', 'Kęty', 'śląskie', '87-908', 'Polska', '1791', '2000-05-01', 3, 8),
(223, 244, 1, '1998-07-08', 'PRAWDA', '1', 'Miłek', 'Paulina', 'Słowackiego 4', 'Legionowo', 'mazowieckie', '87-905', 'Polska', '1343', '2001-06-01', 3, 8),
(224, 57, 1, '1998-07-08', 'PRAWDA', '1', 'Krajewska', 'Katarzyna', 'Mickiewicza78', 'Krapkowice', 'opolskie', '56-998', 'Polska', '1479', '2001-06-01', 1, 8),
(225, 124, 2, '1998-07-08', 'FAŁSZ', '1', 'Pierzok', 'Renata', 'Pocztowa 34', 'Dąbki', 'mazowieckie', '04-324', 'Polska', '1329', '2001-06-01', 3, 8),
(226, 366, 3, '1998-07-09', 'FAŁSZ', '2', 'Knapka', 'Roland', 'Prostownicza 34', 'Syrynia', 'śląskie', '44-320', 'Polska', '2391', '2001-04-01', 3, 8),
(227, 53, 2, '1998-07-09', 'FAŁSZ', '1', 'Czerczil', 'Katarzyna', 'Kolejowa 15', 'Kamieńczyk n/B.', 'mazowieckie', '65-456', 'Polska', '1881', '2000-05-01', 2, 8),
(228, 31, 3, '1998-07-10', 'FAŁSZ', '1', 'Kochanowski', 'Jarosław', 'Andriollego 100', 'Otwock', 'mazowieckie', '99-508', 'Polska', '1289', '2001-06-01', 1, 8),
(229, 69, 2, '1998-07-10', 'PRAWDA', '1', 'Glajcar', 'Meluzyna', 'Piękna 15', 'Źródłowice', 'dolnośląskie', '60-602', 'Polska', '2261', '2001-04-01', 1, 8),
(230, 98, 1, '1998-07-10', 'PRAWDA', '2', 'Lakowski', 'Dominik', 'Szersznika 4', 'Bielsko-Biała', 'śląskie', '06-108', 'Polska', '2601', '1999-03-01', 1, 8),
(231, 162, 1, '1998-07-11', 'PRAWDA', '1', 'Holik', 'Ivan', 'Strelnicni', 'Karvina', 'Ostrava', '432-33', 'Republika Czeska', '2679', '1999-03-01', 2, 8),
(232, 180, 2, '1998-07-11', 'PRAWDA', '1', 'Teodorowicz', 'Małgorzata', 'Leśna 14', 'Krążelice', 'podlaskie', '04-657', 'Polska', '3041', '1999-03-01', 3, 8),
(233, 283, 3, '1998-07-11', 'PRAWDA', '1', 'Kwiatkowski', 'Andrew', '33 Washington Dr.', 'Buffalo', 'NY', '14240', 'USA', '2837', '1999-03-01', 3, 8),
(234, 95, 2, '1998-07-12', 'PRAWDA', '2', 'Tomanek', 'Żaneta', 'Uniwersytecka 44/5', 'Wiślica', 'podkarpackie', '66-432', 'Polska', '2951', '1999-03-01', 1, 8),
(235, 293, 3, '1998-07-12', 'FAŁSZ', '1', 'Ketola', 'Robert', 'Powstańców Śl. 44', 'Wodzisław Śl', 'śląskie', '44-300', 'Polska', '2597', '1999-03-01', 3, 8),
(236, 100, 2, '1998-07-12', 'FAŁSZ', '1', 'Borinski', 'Moris', '8997 W. Stevens Dr.', 'Washington', 'DC', '20036', 'USA', '2817', '1999-03-01', 3, 8),
(237, 368, 1, '1998-07-13', 'FAŁSZ', '1', 'Mahoń', 'Maria', 'Iglasta 55', 'Mikołów', 'śląskie', '79-032', 'Polska', '3015', '1999-03-01', 2, 8),
(238, 227, 2, '1998-07-13', 'FAŁSZ', '2', 'Regulski', 'Michał', 'Leśnych Ludzi 4', 'Warszawa', 'mazowieckie', '04-342', 'Polska', '3071', '1999-03-01', 1, 9),
(242, 231, 3, '1998-07-13', 'PRAWDA', '1', 'Ponadto', 'Teresa', 'Kosmonautów 44', 'Szczecin', 'zachodniopomorskie', '32-358', 'Polska', '3183', '1999-03-01', 1, 9),
(243, 170, 2, '1998-07-15', 'PRAWDA', '1', 'Szwarc', 'Jacek', 'Kręta 8', 'Poznań', 'wielkopolskie', '10-001', 'Polska', '2997', '1999-03-01', 1, 9),
(244, 304, 3, '1998-07-15', 'PRAWDA', '1', 'Jagodzińska', 'Maria', 'Bazowa 4', 'Miarki', 'małopolskie', '50-261', 'Polska', '3125', '1999-03-01', 2, 9),
(245, 126, 2, '1998-07-15', 'PRAWDA', '2', 'Wielokarp', 'Andrzej', 'Cyprysowa 44/3', 'Starachowice', 'zachodniopomorskie', '92-659', 'Polska', '1665', '2001-05-01', 3, 9),
(246, 113, 1, '1998-07-15', 'PRAWDA', '1', 'Hus', 'Michał', 'Kolejowa 4', 'Kuryłówka', 'małopolskie', '37-310', 'Polska', '2795', '1999-03-01', 3, 9),
(247, 326, 2, '1998-07-16', 'PRAWDA', '1', 'Liwoda', 'Natalia', 'Posejdona 44', 'Warszawa', 'mazowieckie', '04-342', 'Polska', '2777', '1999-03-01', 1, 9),
(248, 306, 1, '1998-07-16', 'FAŁSZ', '1', 'Bezlik', 'Daniel', 'św. Jana 44/5', 'Mrągowo', 'warmińsko-mazurskie', '77-543', 'Polska', '3011', '1999-03-01', 3, 9),
(249, 30, 2, '1998-07-16', 'FAŁSZ', '2', 'Jung', 'Rudolf', 'Himmelstr. 1', 'Donau', 'Bayern', '4431-', 'Niemcy', '3179', '1999-03-01', 3, 9),
(250, 105, 1, '1998-07-16', 'FAŁSZ', '1', 'Poszypszyńska', 'Wiesława', 'Szkolna 1', 'Małe Ciche', 'małopolskie', '11-743', 'Polska', '2967', '1999-03-01', 2, 9),
(251, 175, 2, '1998-07-17', 'FAŁSZ', '1', 'Kowalski', 'Adam', 'Rudzka 6 m.5', 'Gliwice', 'śląskie', '44-100', 'Polska', '2957', '1999-03-01', 1, 9),
(252, 310, 3, '1998-07-17', 'PRAWDA', '1', 'Krakowska', 'Krecia', 'Plac sądowy 44/5', 'Piękongród', 'łódzkie', '54-342', 'Polska', '1847', '2000-05-01', 1, 9),
(253, 88, 2, '1998-07-17', 'PRAWDA', '2', 'Miler', 'Barbara', 'Oświecenia 13', 'Konin', 'wielkopolskie', '32-488', 'Polska', '2769', '1999-03-01', 1, 9),
(254, 55, 3, '1998-07-18', 'PRAWDA', '1', 'Kolarczyk', 'Ryszard', 'Lazurowa 88', 'Leszno', 'wielkopolskie', '34-998', 'Polska', '2681', '1999-03-01', 2, 9),
(255, 380, 2, '1998-07-18', 'PRAWDA', '1', 'Rodziewicz', 'Maria', 'Włocławska 45', 'Płock', 'mazowieckie', '07-003', 'Polska', '3065', '1999-03-01', 3, 9),
(256, 22, 3, '1998-07-18', 'PRAWDA', '1', 'Sodaczyński', 'Mirosław', 'Pomarańczowa 7/8', 'Grudziądz', 'kujawsko-pomorskie', '62-274', 'Polska', '1263', '2001-06-01', 3, 4),
(257, 242, 1, '1998-07-18', 'PRAWDA', '2', 'Rasiak', 'Czesław', 'Gorzowska 44', 'Piła', 'wielkopolskie', '40-601', 'Polska', '2027', '2000-05-01', 1, 4),
(258, 330, 2, '1998-07-19', 'FAŁSZ', '1', 'Weksler', 'Tomasz', 'Warszawska 44', 'Łowicz', 'łódzkie', '95-991', 'Polska', '2697', '1999-03-01', 3, 4),
(259, 71, 1, '1998-07-19', 'FAŁSZ', '1', 'Szczepanek', 'Karol', 'Szwedzka 44', 'Koluszki', 'mazowieckie', '04-554', 'Polska', '2129', '2001-04-01', 3, 4),
(260, 168, 3, '1998-07-19', 'FAŁSZ', '1', 'Szwed', 'Ryszard', 'Pawlickiego 44', 'Legionowo', 'mazowieckie', '04-555', 'Polska', '2133', '2001-04-01', 2, 4),
(261, 159, 1, '1998-07-19', 'FAŁSZ', '2', 'Kartowicz', 'Mirosław', 'Wiktorska 3 m. 9', 'Zakopane', 'małopolskie', '54-218', 'Polska', '2691', '1999-03-01', 1, 4),
(262, 277, 3, '1998-07-19', 'PRAWDA', '1', 'Kowalski', 'Ferdynand', 'Rezerwistów 44', 'Zamość', 'lubelskie', '39-002', 'Polska', '2741', '1999-03-01', 1, 4),
(263, 135, 1, '1998-07-20', 'PRAWDA', '1', 'Maciejewska', 'Staisława', 'Manewrowa 44', 'Mielec', 'małopolskie', '52-403', 'Polska', '1361', '2001-06-01', 1, 4),
(264, 318, 3, '1998-07-20', 'PRAWDA', '1', 'Hernik', 'Robert', 'Parkowa 44', 'Orzesze', 'śląskie', '40-332', 'Polska', '2237', '2001-04-01', 2, 4),
(265, 130, 2, '1998-07-22', 'PRAWDA', '2', 'Żylecki', 'Dariusz', 'Wileńska 44/6', 'Białystok', 'podlaskie', '59-601', 'Polska', '1235', '2001-06-01', 3, 4),
(266, 284, 1, '1998-07-22', 'PRAWDA', '1', 'Czerwiecki', 'Robert', 'Puławska 55', 'Warszawa', 'mazowieckie', '03-222', 'Polska', '2219', '2001-04-01', 3, 4),
(267, 327, 1, '1998-07-22', 'PRAWDA', '1', 'Hibner', 'Romane', 'Żeromskiego 55', 'Warszawa', 'mazowieckie', '02-222', 'Polska', '2001', '2000-05-01', 1, 4),
(268, 40, 2, '1998-07-22', 'FAŁSZ', '1', 'Jankowskie', 'Adolf', 'Skrzypów 12', 'Otwock', 'mazowieckie', '06-619', 'Polska', '3057', '1999-03-01', 3, 4),
(269, 218, 2, '1998-07-24', 'FAŁSZ', '2', 'Kraszewski', 'Leszek', 'Giewont 23', 'Warszawa-Pyry', 'mazowieckie', '04-532', 'Polska', '3099', '1999-03-01', 3, 4),
(270, 369, 3, '1998-07-24', 'FAŁSZ', '1', 'Podhalański', 'Ireneusz', 'Kraniewska 3', 'Opole', 'opolskie', '48-104', 'Polska', '2345', '2001-04-01', 2, 4),
(271, 364, 2, '1998-07-25', 'FAŁSZ', '1', 'Jaskólski', 'Paweł', 'Mokotowska 55 m. 23', 'Warszawa', 'mazowieckie', '02-306', 'Polska', '3075', '1999-03-01', 1, 6),
(272, 145, 2, '1998-07-25', 'PRAWDA', '1', 'Lamoncka', 'Olivia', 'Szczytowa 44', 'Skorczyce', 'lubelskie', '80-526', 'Polska', '2793', '1999-03-01', 1, 6),
(273, 333, 3, '1998-07-25', 'PRAWDA', '2', 'Gnat', 'Eugeniusz', 'Sypów 145', 'Sypów', 'małopolskie', '12-994', 'Polska', '2049', '2000-05-01', 1, 6),
(274, 199, 3, '1998-07-26', 'PRAWDA', '1', 'Borinski', 'Morris', '8997 W. Stevens Dr.', 'Washington', 'DC', '20036', 'USA', '1271', '2001-06-01', 2, 6),
(275, 101, 2, '1998-07-26', 'PRAWDA', '1', 'Olembo', 'Julia', '9911 Laser Dr.', 'Los Angeles', 'mazowieckie', '90034', 'USA', '2637', '1999-03-01', 3, 6),
(276, 182, 2, '1998-07-26', 'PRAWDA', '1', 'Cichecka', 'Lidia', 'Niedocenionych 44', 'Pawłowice', 'śląskie', '83-720', 'Polska', '2747', '1999-03-01', 3, 6),
(277, 206, 1, '1998-07-27', 'PRAWDA', '2', 'Simoradzka', 'Elżbieta', 'Czerwcowa 99', 'Olsztyn', 'warmińsko-mazurskie', '91-311', 'Polska', '2949', '1999-03-01', 1, 6),
(278, 217, 1, '1998-07-27', 'FAŁSZ', '1', 'Króczyński', 'Waldemar', 'Pawia 56', 'Warszawa', 'mazowieckie', '05-213', 'Polska', '1517', '2001-06-01', 3, 6),
(279, 297, 2, '1998-07-29', 'FAŁSZ', '1', 'Zięba', 'Ewa', 'Dworcowa 17 m. 9', 'Człuchów', 'kujawsko-pomorskie', '44-035', 'Polska', '3219', '1999-03-01', 3, 6),
(280, 80, 1, '1998-07-29', 'FAŁSZ', '1', 'Dziekoński', 'Waldermar', 'Wolności 4 m.2', 'Augustów', 'podlaskie', '24-565', 'Polska', '1925', '2001-05-01', 2, 6),
(281, 220, 2, '1998-07-29', 'FAŁSZ', '2', 'Turski', 'Marcin', 'Domaniewska 44', 'Zakopane', 'małopolskie', '94-301', 'Polska', '3023', '1999-03-01', 1, 6),
(282, 197, 3, '1998-07-30', 'PRAWDA', '1', 'Lwicki', 'Ryszard', 'Główna 44 m.5', 'Wambierzyce', 'dolnośląskie', '91-405', 'Polska', '1793', '2000-05-01', 1, 6),
(283, 166, 3, '1998-07-30', 'PRAWDA', '1', 'Ichtiomow', 'Norbert', 'Tatrzańska 4', 'Nowy Sącz', 'małopolskie', '97-401', 'Polska', '2151', '2001-04-01', 1, 6),
(284, 149, 2, '1998-07-31', 'PRAWDA', '1', 'Myśliwska', 'Pamela', 'Piotra 44', 'Radoszyce', 'pomorskie', '39-115', 'Polska', '1997', '2000-05-01', 2, 6),
(285, 85, 2, '1998-07-31', 'PRAWDA', '2', 'Regulska', 'Marzena', 'Andersena 4', 'Żary', 'lubuskie', '02-205', 'Polska', '2507', '1999-03-01', 3, 6),
(286, 385, 2, '1998-08-01', 'PRAWDA', '1', 'Scarpaczyk', 'Louisa', '55 Newton', 'Fort Wayne', 'IN', '46816', 'USA', '2061', '2000-05-01', 3, 6),
(287, 251, 3, '1998-08-01', 'PRAWDA', '1', 'Lorek', 'Jan', 'Bałtycka 44', 'Gdańsk', 'pomorskie', '81-230', 'Polska', '1317', '2001-06-01', 1, 5),
(288, 12, 2, '1998-08-01', 'FAŁSZ', '1', 'Kilański', 'Tomasz', 'Batorego 19', 'Kobyłka', 'mazowieckie', '01-373', 'Polska', '2685', '1999-03-01', 3, 5),
(290, 15, 2, '1998-08-02', 'FAŁSZ', '1', 'Borutzki', 'Lucie', 'Banhoffstr. 123', 'Zwiesel', 'Bayern', '55103', 'Niemcy', '2157', '2001-04-01', 2, 5),
(291, 290, 2, '1998-08-02', 'FAŁSZ', '1', 'Podgórski', 'Włodzimierz', 'Wileńska 234', 'Poronin', 'małopolskie', '98-466', 'Polska', '1811', '2000-05-01', 1, 5),
(292, 121, 2, '1998-08-02', 'PRAWDA', '1', 'Biegalska', 'Aleksandra', 'Polna 5', 'Kielce', 'świętokrzyskie', '06-510', 'Polska', '1611', '2000-05-01', 1, 5),
(293, 426, 1, '1998-08-02', 'PRAWDA', '2', 'Pastorek', 'Stefan', 'Impersjonistów 4', 'Jędrzejów', 'świętokrzyskie', '49-231', 'Polska', '2109', '2000-05-01', 1, 5),
(294, 433, 2, '1998-08-03', 'FAŁSZ', '1', 'Nowotny', 'Andrzej', 'Jędryczkowa 12 m. 3', 'Poznań', 'wielkopolskie', '15-356', 'Polska', '1301', '2001-06-01', 2, 5),
(295, 234, 1, '1998-08-03', 'PRAWDA', '1', 'Maliński', 'Stefan', 'Loretańska 4', 'Warszawa', 'mazowieckie', '01-327', 'Polska', '1449', '2001-06-01', 3, 5),
(296, 42, 1, '1998-08-05', 'PRAWDA', '1', 'Praski', 'Jacek', 'Wysoka 99', 'Krosno', 'podkarpackie', '25-301', 'Polska', '3141', '1999-03-01', 3, 5),
(297, 261, 1, '1998-08-05', 'PRAWDA', '2', 'Goldberg', 'Jan', '81 S. Saddle Butte', 'Black Hawk', 'SD', '57718', 'USA', '3161', '1999-03-01', 1, 5),
(298, 250, 2, '1998-08-08', 'FAŁSZ', '1', 'Scarpaczyk', 'Louisa', '55 Newton', 'Fort Wayne', 'IN', '46816', 'USA', '2447', '2001-04-01', 3, 5),
(299, 13, 1, '1998-08-08', 'FAŁSZ', '1', 'Barwacz', 'Janusz', 'Piotrkowska 278 m. 12', 'Łódź', 'łódzkie', '10-001', 'Polska', '2183', '2001-04-01', 3, 5),
(300, 1, 2, '1998-08-09', 'FAŁSZ', '1', 'Jadowska', 'Teresa', 'Boczna 16 m. 2', 'Łódź', 'łódzkie', '68-942', 'Polska', '2979', '1999-03-01', 2, 5),
(302, 203, 3, '1998-08-11', 'PRAWDA', '1', 'Kozielski', 'Stefan', 'Klonowa 4', 'Zegrze', 'mazowieckie', '01-469', 'Polska', '1967', '2000-05-01', 1, 5),
(303, 345, 3, '1998-08-14', 'PRAWDA', '1', 'Krążyńska', 'Stanisława', 'Mickiewicza 4', 'Wadowice', 'śląskie', '90-017', 'Polska', '3119', '1999-03-01', 1, 5),
(304, 175, 2, '1998-08-15', 'PRAWDA', '1', 'Bartnicki', 'Roman', 'Stepowa 88 m.1', 'Nysa', 'opolskie', '93-924', 'Polska', '2487', '1999-03-01', 2, 5),
(305, 184, 3, '1998-08-15', 'PRAWDA', '2', 'Ciemieniewska', 'Elżbieta', 'Kątowa 4', 'Domieszyce', 'kujawsko-pomorskie', '48-232', 'Polska', '2913', '1999-03-01', 3, 5),
(306, 378, 1, '1998-08-17', 'PRAWDA', '1', 'Maciejczyk', 'Albin', 'Pruchna 201', 'Pruchna', 'śląskie', '43-450', 'Polska', '2493', '1999-03-01', 3, 5),
(307, 204, 1, '1998-08-18', 'PRAWDA', '1', 'Igiełka', 'Magdalena', 'Kołobrzeska 144', 'Koszalin', 'zachodniopomorskie', '03-197', 'Polska', '1985', '2000-05-01', 1, 5),
(308, 8, 3, '1998-08-19', 'FAŁSZ', '1', 'Geras', 'Carmen', 'Mickiewicza 2', 'Chwaszczyno', 'kujawsko-pomorskie', '89-654', 'Polska', '2721', '1999-03-01', 3, 5),
(309, 62, 3, '1998-08-20', 'FAŁSZ', '2', 'Zaborowski', 'Dariusz', 'Dworcowa 7 m. 3', 'Legionowo', 'mazowieckie', '07-203', 'Polska', '2513', '1999-03-01', 3, 5),
(310, 353, 1, '1998-08-20', 'FAŁSZ', '1', 'Kwiatkowski', 'Piotr', 'Polna 14 m. 67', 'Warszawa', 'mazowieckie', '06-013', 'Polska', '2127', '2001-04-01', 2, 5),
(311, 301, 2, '1998-08-21', 'FAŁSZ', '1', 'Wadecki', 'Robert', 'Przemysłowa 135', 'Starachowice', 'świętokrzyskie', '33-556', 'Polska', '3045', '1999-03-01', 1, 4),
(312, 232, 1, '1998-08-22', 'PRAWDA', '1', 'Kropka', 'Robert', 'Źółkiewskiego 44', 'Kędzierzyn-Koźle', 'opolskie', '66-511', 'Polska', '2969', '1999-03-01', 1, 4),
(314, 35, 2, '1998-08-23', 'PRAWDA', '2', 'Filipek', 'Radosław', 'Kresowa 5', 'Warszawa', 'mazowieckie', '80-227', 'Polska', '1773', '2000-05-01', 1, 4),
(315, 165, 3, '1998-08-24', 'PRAWDA', '1', 'Kellerman', 'Władysław', 'Lotnicza 4', 'Sandomierz', 'lubelskie', '44-115', 'Polska', '2925', '1999-03-01', 2, 4),
(316, 193, 2, '1998-08-26', 'PRAWDA', '1', 'Petrzycki', 'Ludwik', 'Boczna 4', 'Koluszki', 'mazowieckie', '95-336', 'Polska', '2309', '2001-04-01', 3, 4),
(317, 312, 3, '1998-08-28', 'PRAWDA', '1', 'Rodecka', 'Helena', 'Gagarina 1 m.8', 'Belamowice', 'śląskie', '98-226', 'Polska', '2235', '2001-04-01', 3, 4),
(318, 173, 2, '1998-08-30', 'PRAWDA', '2', 'Biegacka', 'Zuzanna', 'Perspektywy 44', 'Lądek Zdr.', 'dolnośląskie', '98-034', 'Polska', '2561', '1999-03-01', 1, 4),
(319, 189, 3, '1998-09-02', 'FAŁSZ', '1', 'Biegacka', 'Zuzanna', 'Perspektywy 44', 'Lądek Zdr.', 'dolnośląskie', '98-034', 'Polska', '2577', '1999-03-01', 3, 4),
(320, 169, 2, '1998-09-04', 'FAŁSZ', '1', 'Nadgórna', 'Meluzyna', 'Drogi Mlecznej 14/ 5', 'Stonawice', 'zachodniopomorskie', '32-358', 'Polska', '1937', '2000-05-01', 3, 4),
(321, 144, 1, '1998-09-06', 'FAŁSZ', '1', 'Maroński', 'Karol', 'Zielonej trawki 1', 'Zieleniec', 'małopolskie', '37-743', 'Polska', '2411', '2001-04-01', 2, 4),
(322, 46, 1, '1998-09-07', 'FAŁSZ', '2', 'Novak', 'Berhardt', 'Klausestr. 11', 'Strasberg', 'Bayern', '94104', 'Niemcy', '1407', '2001-06-01', 1, 4),
(323, 70, 2, '1998-09-07', 'PRAWDA', '1', 'Podlaski', 'Jan', 'Sokolska 44/5', 'Warszawa', 'mazowieckie', '01-332', 'Polska', '2483', '1999-03-01', 1, 4),
(324, 196, 3, '1998-09-09', 'PRAWDA', '1', 'Nosiadzki', 'Tadeusz', 'Starodawna 4 m. 5', 'Wejcherowo', 'pomorskie', '33-907', 'Polska', '2349', '2001-04-01', 1, 4),
(325, 118, 2, '1998-09-11', 'PRAWDA', '1', 'Loginiak', 'Jan', 'Kościelna 44/1', 'Żagań', 'lubuskie', '44-501', 'Polska', '2297', '2001-04-01', 2, 4),
(326, 56, 1, '1998-09-11', 'PRAWDA', '2', 'Zajack', 'Amelia', '17 St. Andrews Ln.', 'Denver', 'CO', '80210', 'USA', '2265', '2001-04-01', 3, 4),
(327, 38, 1, '1998-09-14', 'PRAWDA', '1', 'Koliik', 'Beata', 'Kopernikova 4', 'T. Tesin', 'Tesin', '13905', 'Republika Czeska', '2283', '2001-04-01', 3, 8),
(328, 132, 2, '1998-09-14', 'PRAWDA', '1', 'Więcejdom', 'Renata', 'Alpejska 44', 'Murzasichle', 'małopolskie', '12-324', 'Polska', '2217', '2001-04-01', 1, 8),
(329, 305, 3, '1998-09-17', 'FAŁSZ', '1', 'Madziar', 'Barbara', 'Grochowa 34', 'Szklarska Por.', 'dolnośląskie', '33-625', 'Polska', '2435', '2001-04-01', 3, 5),
(330, 233, 2, '1998-09-20', 'FAŁSZ', '2', 'Lisiecka', 'Magalena', 'Skowrońska 1 m. 3', 'Szczecin', 'zachodniopomorskie', '30-247', 'Polska', '1497', '2001-06-01', 3, 6),
(331, 323, 1, '1998-09-21', 'FAŁSZ', '1', 'Maciaś', 'Jolanta', 'Przedszkolaków 3 m. 12', 'Lublin', 'lubelskie', '65-788', 'Polska', '1467', '2001-06-01', 2, 2),
(332, 370, 2, '1998-09-22', 'FAŁSZ', '1', 'Kopertyński', 'Jerzy', 'Wesoła 9', 'Nowa Ruda', 'śląskie', '59-801', 'Polska', '2843', '1999-03-01', 1, 2),
(333, 90, 3, '1998-09-25', 'PRAWDA', '1', 'Wodecka', 'Elżbieta', 'Klasztorna 4', 'Przeworsk', 'małopolskie', '32-332', 'Polska', '2145', '2001-04-01', 1, 2),
(334, 292, 2, '1998-09-30', 'PRAWDA', '2', 'Kuzynek', 'Krystyna', 'Nieczajna 245', 'Tarnawiec', 'małopolskie', '91-407', 'Polska', '2481', '1999-03-01', 1, 2),
(335, 281, 1, '1998-09-30', 'PRAWDA', '1', 'Bombalski', 'Eryk', 'Wręgowa 1', 'Kraniewo', 'mazowieckie', '07-030', 'Polska', '1551', '2000-05-01', 2, 2);
INSERT INTO `zamowienia` (`NumerZamowienia`, `NumerKlienta`, `NumerPrzewoznika`, `DataZamowienia`, `Prezent`, `FormaPlatnosci`, `NazwiskoOdbiorcy`, `ImieOdbiorcy`, `UlicaOdbiorcy`, `MiastoOdbiorcy`, `WojRegionOdbiorcy`, `KodPocztowyOdbiorcy`, `KrajOdbiorcy`, `NumerKonta`, `DataWaznościKarty`, `KartaKredytowa`, `NumerPracownika`) VALUES
(336, 94, 2, '1998-10-01', 'PRAWDA', '1', 'Kolonko', 'Robert', '55 W. 18th', 'New York', 'NY', '10011', 'USA', '2541', '1999-03-01', 3, 2),
(337, 186, 3, '1998-10-01', 'PRAWDA', '1', 'Gil', 'Lucyna', 'Wschodnia 33 m. 5', 'Rumia', 'pomorskie', '46-634', 'Polska', '1239', '2001-06-01', 3, 2),
(338, 39, 2, '1998-10-03', 'PRAWDA', '2', 'Dunin', 'Jan', 'Pasterska 45', 'Sulejówek', 'mazowieckie', '23-399', 'Polska', '3009', '1999-03-01', 1, 2),
(339, 160, 1, '1998-10-03', 'FAŁSZ', '1', 'Baranowska', 'Maryla', 'Wolska 3', 'Szklarska Por.', 'dolnośląskie', '72-201', 'Polska', '2655', '1999-03-01', 3, 2),
(340, 213, 1, '1998-10-04', 'FAŁSZ', '1', 'Lis', 'Danuta', 'Gęsia 10 m. 9', 'Kraków', 'małopolskie', '33-901', 'Polska', '2645', '1999-03-01', 3, 2),
(341, 71, 2, '1998-10-05', 'FAŁSZ', '1', 'Radomska', 'Jolanta', 'Chemików 4 m. 32', 'Jelenia Góra', 'dolnośląskie', '94-706', 'Polska', '2331', '2001-04-01', 2, 2),
(342, 134, 2, '1998-10-08', 'FAŁSZ', '2', 'Szymankiewicz', 'P.L.', 'Duracza 4', 'Ciechanów', 'mazowieckie', '21-218', 'Polska', '2097', '2000-05-01', 1, 2),
(343, 25, 3, '1998-10-12', 'PRAWDA', '1', 'Pralecka', 'Krystyna', 'Delfinów 33 m.6', 'Łódź', 'łódzkie', '10-011', 'Polska', '1443', '2001-06-01', 1, 2),
(344, 224, 3, '1998-10-12', 'PRAWDA', '1', 'Wygłos', 'Krystian', 'Kolarska 4', 'Gdańsk', 'pomorskie', '91-001', 'Polska', '2015', '2000-05-01', 1, 3),
(345, 3, 2, '1998-10-13', 'PRAWDA', '1', 'Piasecki', 'Jan', 'Piękna 1', 'Lublin', 'lubelskie', '13-442', 'Polska', '2849', '1999-03-01', 2, 3),
(346, 50, 2, '1998-10-15', 'PRAWDA', '2', 'Masaj', 'Andrzej', 'Wąwozowa 44', 'Poznań', 'wielkopolskie', '10-956', 'Polska', '3047', '1999-03-01', 3, 3),
(347, 110, 3, '1998-10-15', 'PRAWDA', '1', 'Małcużyński', 'Krystian', 'Zachodnia 44', 'Jelenia Góra', 'lubuskie', '27-101', 'Polska', '1979', '2000-05-01', 3, 3),
(348, 375, 3, '1998-10-15', 'PRAWDA', '1', 'Kimir', 'Maria', 'Senna 13', 'Poznań', 'wielkopolskie', '93-003', 'Polska', '3033', '1999-03-01', 1, 3),
(349, 151, 2, '1998-10-16', 'FAŁSZ', '1', 'Herman', 'Wioletta', 'Ołowiana 3', 'Miasteczko Śl.', 'śląskie', '21-093', 'Polska', '1749', '2000-05-01', 3, 3),
(351, 358, 2, '1998-10-18', 'FAŁSZ', '1', 'Kołodziej', 'Anna', 'Czterech Wiatrów 2', 'Kraków', 'małopolskie', '82-492', 'Polska', '1455', '2001-06-01', 2, 3),
(352, 274, 1, '1998-10-21', 'FAŁSZ', '1', 'Księżyk', 'Marek', 'Szkolna 81/83 m. 21', 'Kraków', 'małopolskie', '91-406', 'Polska', '2915', '1999-03-01', 1, 3),
(353, 343, 1, '1998-10-22', 'PRAWDA', '1', 'Jankowsky', 'Norbert', '17331 Fairhaven St.', 'Tallahassee', 'FL', '32303', 'USA', '2585', '1999-03-01', 1, 3),
(354, 271, 2, '1998-10-22', 'PRAWDA', '2', 'Fijałkowski', 'Robert', '1807 Clearview Ct.', 'Lubbock', 'TX', '79408', 'USA', '2943', '1999-03-01', 1, 3),
(355, 89, 2, '1998-10-24', 'PRAWDA', '1', 'Kamińska', 'Celina', 'Pastera 44 m.1', 'Anielice', 'mazowieckie', '91-406', 'Polska', '1277', '2001-06-01', 2, 3),
(356, 273, 1, '1998-10-26', 'PRAWDA', '1', 'Doniecka', 'Szarlota', 'Rowerowa 4', 'Wronki', 'mazowieckie', '33-123', 'Polska', '2555', '1999-03-01', 3, 3),
(357, 202, 1, '1998-10-27', 'PRAWDA', '1', 'Ględzińska', 'Hanna', 'Podgórska 123', 'Ustrzyki Dolne', 'podkarpackie', '94-301', 'Polska', '2031', '2000-05-01', 3, 3),
(358, 213, 2, '1998-10-29', 'PRAWDA', '2', 'Dolan', 'Mariola', 'Gołębia 8', 'Frącki', 'podlaskie', '68-801', 'Polska', '2781', '1999-03-01', 1, 3),
(359, 47, 3, '1998-10-29', 'FAŁSZ', '1', 'Dolan', 'Mariola', 'Gołębia 8', 'Frącki', 'podlaskie', '68-801', 'Polska', '1763', '2000-05-01', 3, 3),
(360, 256, 3, '1998-10-29', 'FAŁSZ', '1', 'Bielawa', 'Wacław', 'Bułgarska 17', 'Opole', 'opolskie', '07-042', 'Polska', '2703', '1999-03-01', 3, 3),
(361, 399, 3, '1998-10-29', 'FAŁSZ', '1', 'Szczotka', 'Tadeusz', 'Szpitalna 3 m. 32', 'Bielsko-Biała', 'śląskie', '90-607', 'Polska', '1689', '2000-05-01', 2, 4),
(362, 253, 2, '1998-10-29', 'FAŁSZ', '2', 'Żołdak', 'Leopold', 'Gdańska 4 m. 4', 'Lidzbark Warm.', 'warmińsko-mazurskie', '11-100', 'Polska', '2171', '2001-04-01', 1, 4),
(363, 2, 3, '1998-10-30', 'PRAWDA', '1', 'Adamczyk', 'Katarzyna', 'Brunatna 1', 'Toruń', 'kujawsko-pomorskie', '90-505', 'Polska', '2117', '2001-04-01', 1, 4),
(364, 48, 2, '1998-11-01', 'PRAWDA', '1', 'Podwójny', 'Bogdan', 'Harendy 4', 'Kraków', 'małopolskie', '70-053', 'Polska', '1817', '2000-05-01', 1, 4),
(365, 384, 1, '1998-11-01', 'PRAWDA', '1', 'Łapczyński', 'Karol', 'Zieleniecka 3', 'Łańcut', 'małopolskie', '37-743', 'Polska', '2399', '2001-04-01', 2, 4),
(366, 150, 1, '1998-11-04', 'PRAWDA', '2', 'Wantuła', 'Grzegorz', 'Podleśna 4', 'Warszawa', 'mazowieckie', '01-434', 'Polska', '2565', '1999-03-01', 3, 1),
(367, 291, 2, '1998-11-05', 'PRAWDA', '1', 'Intycka', 'Roberta', 'Zatokowa 4', 'Dźwirzyno', 'zachodniopomorskie', '70-764', 'Polska', '2369', '2001-04-01', 3, 1),
(368, 14, 1, '1998-11-05', 'PRAWDA', '1', 'Renifer', 'Ryszard', 'Rajska 14', 'Arkadia', 'mazowieckie', '04-331', 'Polska', '2363', '2001-04-01', 1, 1),
(369, 377, 1, '1998-11-06', 'FAŁSZ', '1', 'Świerczkowa', 'Zuzanna', 'Szkolna 1 m. 67', 'Praga', 'mazowieckie', '07-914', 'Polska', '2621', '1999-03-01', 3, 1),
(370, 146, 1, '1998-11-08', 'FAŁSZ', '2', 'Niegumow', 'Igor', 'Przewozowa 4', 'Zabrze', 'śląskie', '97-401', 'Polska', '2355', '2001-04-01', 3, 1),
(371, 116, 2, '1998-11-09', 'FAŁSZ', '1', 'Gaworska', 'Ewa', 'Puławska 31 m. 9', 'Lublin', 'lubelskie', '21-354', 'Polska', '1941', '2000-05-01', 2, 1),
(372, 168, 2, '1998-11-09', 'FAŁSZ', '1', 'Madeyska', 'Maria', 'Krowodrze 18 m. 1', 'Kraków', 'małopolskie', '91-405', 'Polska', '2327', '2001-04-01', 1, 11),
(373, 120, 2, '1998-11-10', 'PRAWDA', '1', 'Korona', 'Łukasz', 'Piątkowa 3', 'Sasankowice', 'mazowieckie', '44-532', 'Polska', '2667', '1999-03-01', 1, 12),
(374, 302, 3, '1998-11-14', 'PRAWDA', '2', 'Krakowsky', 'Noel', '18 York Rd.', 'Brooklyn', 'NY', '11211', 'Polska', '3113', '1999-03-01', 1, 13),
(375, 251, 3, '1998-11-14', 'PRAWDA', '1', 'Maciejczyk', 'Piotr', 'Pokrętna 4', 'Żółkiewice', 'mazowieckie', '03-123', 'Polska', '1419', '2001-06-01', 2, 10),
(376, 58, 3, '1998-11-17', 'PRAWDA', '1', 'Hafferman', 'Wojciech', 'Zachodnia 4', 'Krościenko', 'małopolskie', '11-554', 'Polska', '1935', '2000-05-01', 3, 12),
(377, 126, 2, '1998-11-19', 'PRAWDA', '1', 'Minsk', 'Jeremy', '78 S. Terrain St.', 'McLean', 'VA', '22102', 'Polska', '3171', '1999-03-01', 3, 12),
(378, 27, 2, '1998-11-22', 'PRAWDA', '2', 'Figura', 'Michał', 'Prezesury 1', 'Kraków', 'małopolskie', '85-332', 'Polska', '2379', '2001-04-01', 1, 10),
(379, 13, 2, '1998-11-25', 'FAŁSZ', '1', 'Barwacz', 'Janusz', 'Piotrkowska 278 m. 12', 'Łódź', 'łódzkie', '10-001', 'Polska', '1697', '2000-05-01', 3, 13),
(380, 93, 3, '1998-11-28', 'FAŁSZ', '1', 'Górnaś', 'Zenon', 'Trawia 6', 'Ostrów Wlkp.', 'wielkopolskie', '17-013', 'Polska', '1919', '2000-05-01', 3, 12),
(381, 338, 3, '1998-11-28', 'FAŁSZ', '1', 'Medwedowska', 'Maryla', 'Żoliborska 3 m. 22', 'Kampinos', 'mazowieckie', '01-565', 'Polska', '1397', '2001-06-01', 2, 1),
(382, 351, 3, '1998-11-28', 'FAŁSZ', '2', 'Stelmaszczyk', 'Tomasz', 'Kaliska 43 m. 3', 'Żychlin', 'łódzkie', '54-303', 'Polska', '2343', '2001-04-01', 1, 12),
(383, 162, 2, '1998-11-30', 'PRAWDA', '1', 'Iwan', 'Grzegorz', 'Lisia 4', 'Koluszki', 'mazowieckie', '03-441', 'Polska', '1523', '2001-06-01', 1, 13),
(384, 180, 2, '1998-11-30', 'PRAWDA', '1', 'Handra', 'Leokadia', 'Kopernika 44/3', 'Medytowice', 'zachodniopomorskie', '04-542', 'Polska', '2291', '2001-04-01', 1, 12),
(385, 288, 2, '1998-12-01', 'PRAWDA', '1', 'Kwiatkowski', 'Andrew', '33 Washington Dr.', 'Buffalo', 'NY', '14240', 'USA', '2673', '1999-03-01', 2, 12),
(386, 95, 3, '1998-12-01', 'PRAWDA', '2', 'Tomanek', 'Jolanta', 'Armii Krajowej 3 m.1', 'Sokołów Młp.', 'małopolskie', '34-442', 'Polska', '2627', '1999-03-01', 3, 14),
(387, 296, 2, '1998-12-04', 'PRAWDA', '1', 'Osińska', 'Lidia', 'Żwirki i Wigury 203 m.5', 'Gliwice', 'śląskie', '26-202', 'Polska', '2063', '2000-05-01', 3, 11),
(388, 224, 2, '1998-12-07', 'PRAWDA', '1', 'Kątler', 'Wilibald', 'Pstrowskiego 4', 'Suwałki', 'podlaskie', '82-520', 'Polska', '2775', '1999-03-01', 1, 1),
(389, 122, 1, '1998-12-07', 'FAŁSZ', '1', 'Białowąs', 'Andrzej', 'Klasztorna 7 m. 6', 'Miechów', 'małopolskie', '26-367', 'Polska', '1403', '2001-06-01', 3, 1),
(390, 165, 1, '1998-12-08', 'FAŁSZ', '2', 'Krawczyk', 'Aleksander', 'Dobra 16 m. 22', 'Lębork', 'kujawsko-pomorskie', '06-108', 'Polska', '1389', '2001-06-01', 3, 2),
(391, 362, 2, '1998-12-09', 'FAŁSZ', '1', 'Nowak', 'Balbina', 'Szkolna 1', 'Radom', 'mazowieckie', '79-764', 'Polska', '3225', '1999-03-01', 2, 2),
(392, 245, 3, '1998-12-09', 'FAŁSZ', '1', 'Nowicka', 'Marcelina', 'Zielona 14', 'Bytom', 'śląskie', '81-301', 'Polska', '1827', '2000-05-01', 1, 2),
(393, 308, 2, '1998-12-09', 'PRAWDA', '1', 'Kwiatek', 'Piotr', 'Brokerska 4', 'Opole', 'opolskie', '50-261', 'Polska', '1955', '2000-05-01', 1, 2),
(394, 126, 2, '1998-12-09', 'PRAWDA', '2', 'Wieloryb', 'Andrzej', 'Prądnicka 4', 'Marce', 'małopolskie', '92-659', 'Polska', '2517', '1999-03-01', 1, 3),
(395, 113, 3, '1998-12-10', 'PRAWDA', '1', 'Husycka', 'Małgorzata', 'Winogradowa 4/5', 'Leadville', 'CO', '80461', 'Polska', '3159', '1999-03-01', 2, 3),
(396, 326, 2, '1998-12-11', 'PRAWDA', '1', 'Tatarzyn', 'Stefan', 'Politechniczna 4', 'Warszawa', 'małopolskie', '03-234', 'Polska', '1335', '2001-06-01', 3, 3),
(397, 302, 1, '1998-12-11', 'PRAWDA', '1', 'Błotniak', 'Grzegorz', 'Piotrowicka 44/3', 'Katowice', 'śląskie', '07-030', 'Polska', '1581', '2000-05-01', 3, 3),
(398, 174, 1, '1998-12-12', 'PRAWDA', '2', 'Berger', 'Anita', '265 Edgewood Drive', 'Napanee', 'NY', '41232', 'USA', '2013', '2000-05-01', 1, 4),
(399, 334, 1, '1998-12-12', 'FAŁSZ', '1', 'Morozowska', 'Krystyna', 'Teatralna 5 m. 33', 'Warszawa', 'mazowieckie', '04-118', 'Polska', '1401', '2001-06-01', 3, 4),
(400, 91, 1, '1998-12-12', 'FAŁSZ', '1', 'Gizińska', 'Ewa', 'Ostrowska 1 m. 3', 'Karczew', 'mazowieckie', '07-902', 'Polska', '2999', '1999-03-01', 3, 4),
(401, 82, 2, '1998-12-12', 'FAŁSZ', '1', 'Duda', 'Jan Paweł', 'Trawiasta 4', 'Gorzów Wlkp.', 'wielkopolskie', '15-556', 'Polska', '1371', '2001-06-01', 2, 5),
(402, 138, 3, '1998-12-14', 'FAŁSZ', '2', 'Przybysz', 'Ewa', 'Wazowa 1 m.3', 'Płock', 'mazowieckie', '60-606', 'Polska', '1347', '2001-06-01', 1, 5),
(404, 55, 2, '1998-12-14', 'PRAWDA', '1', 'Kucyk', 'Andrzej', 'Lapisowa 1', 'Poznań', 'wielkopolskie', '64-323', 'Polska', '2903', '1999-03-01', 1, 5),
(405, 374, 3, '1998-12-14', 'PRAWDA', '1', 'Rodak', 'Maria', 'Szkwarnicka 4', 'Męciwąż', 'zachodniopomorskie', '87-501', 'Polska', '1385', '2001-06-01', 1, 6),
(406, 22, 2, '1998-12-16', 'PRAWDA', '1', 'Piasecka', 'Wioletta', 'Fijałkowskiego 44 m.5', 'Piknikowice', 'łódzkie', '62-274', 'Polska', '1607', '2000-05-01', 2, 6),
(407, 242, 1, '1998-12-18', 'PRAWDA', '2', 'Radzikow', 'Krzysztof', 'Andersena 13 m.3', 'Frankowo', 'pomorskie', '40-401', 'Polska', '2397', '2001-04-01', 3, 7),
(408, 322, 1, '1998-12-19', 'PRAWDA', '1', 'Jeżowska', 'Bogusława', 'Floriańska 123', 'Kraków', 'małopolskie', '95-003', 'Polska', '2993', '1999-03-01', 3, 7),
(409, 155, 1, '1998-12-20', 'PRAWDA', '1', 'Wadowski', 'Piotr', 'Różana 4', 'Gdynia', 'pomorskie', '31-780', 'Polska', '1683', '2000-05-01', 1, 8),
(410, 294, 2, '1998-12-21', 'FAŁSZ', '1', 'Miller', 'Susannah', '87 S. 24th St.', 'San Francisco', 'LA', '94117', 'USA', '3203', '1999-03-01', 3, 8),
(411, 136, 3, '1998-12-21', 'FAŁSZ', '2', 'Szczepańska', 'Danuta', 'Mieńska 35', 'Mrozy', 'łódzkie', '13-905', 'Polska', '2643', '1999-03-01', 3, 9),
(412, 59, 2, '1998-12-22', 'FAŁSZ', '1', 'Romański', 'Wojciech', 'Wydawnicza 14', 'Myślenice', 'małopolskie', '66-544', 'Polska', '2865', '1999-03-01', 2, 9),
(413, 21, 1, '1998-12-23', 'FAŁSZ', '1', 'Kućko', 'Włodzimierz', 'Nadwiślańska 13', 'Józefów', 'mazowieckie', '01-230', 'Polska', '2889', '1999-03-01', 1, 10),
(414, 2002, NULL, '2023-10-08', NULL, NULL, 'Xyz', 'abc', 'vbnnb', 'hghghj', NULL, 'jhjh', 'hjjhgh', NULL, NULL, NULL, NULL),
(415, 2002, NULL, '2023-10-08', NULL, NULL, 'Xyz', 'abc', 'vbnnb', 'hghghj', NULL, 'jhjh', 'hjjhgh', NULL, NULL, NULL, NULL),
(416, 2002, NULL, '2023-10-08', NULL, NULL, NULL, NULL, NULL, NULL, NULL, NULL, NULL, NULL, NULL, NULL, NULL),
(417, 2002, NULL, '2023-10-08', NULL, NULL, NULL, NULL, NULL, NULL, NULL, NULL, NULL, NULL, NULL, NULL, NULL),
(418, 2002, NULL, '2023-10-08', NULL, NULL, NULL, NULL, NULL, NULL, NULL, NULL, NULL, NULL, NULL, NULL, NULL),
(419, 2002, NULL, '2023-10-08', NULL, NULL, NULL, NULL, NULL, NULL, NULL, NULL, NULL, NULL, NULL, NULL, NULL),
(420, 2002, NULL, '2023-10-08', NULL, NULL, 'Xyz', 'abc', 'vbnnb', 'hghghj', NULL, 'jhjh', 'hjjhgh', NULL, NULL, NULL, NULL),
(421, 2002, NULL, '2023-10-08', NULL, NULL, 'Xyz', 'abc', 'hggh', 'hhj', NULL, 'jhgh', 'hjjh', NULL, NULL, NULL, NULL),
(422, 2002, NULL, '2023-10-08', NULL, NULL, 'Xyz', 'abc', 'vbnnb', 'hghghj', NULL, 'jhgh', 'hjjhgh', NULL, NULL, NULL, NULL),
(423, 2002, NULL, '2023-10-08', NULL, NULL, 'Xyz', 'abc', 'vbnnb', 'hghghj', NULL, 'jhgh', 'hjjhgh', NULL, NULL, NULL, NULL),
(424, 2002, NULL, '2023-10-08', NULL, NULL, 'Xyz', 'abc', 'vbnnb', 'hghghj', NULL, 'jhjh', 'hjjhgh', NULL, NULL, NULL, NULL),
(425, 2003, NULL, '2023-10-08', NULL, NULL, 'kowalski', 'jan', 'vbnnb', 'hhj', NULL, 'jhjh', 'hjjhgh', NULL, NULL, NULL, NULL),
(426, 2003, NULL, '2023-10-08', NULL, NULL, 'kowalski', 'jan', 'vbnnb', 'hhj', NULL, 'jhjh', 'hjjhgh', NULL, NULL, NULL, NULL);

-- --------------------------------------------------------

--
-- Struktura tabeli dla tabeli `zawartosc_koszyk`
--

CREATE TABLE `zawartosc_koszyk` (
  `IdKoszyka` varchar(4) NOT NULL,
  `KodCukierka` varchar(3) NOT NULL,
  `Ilosc` int(1) DEFAULT NULL
) ENGINE=InnoDB DEFAULT CHARSET=utf8 COLLATE=utf8_general_ci;

--
-- Dumping data for table `zawartosc_koszyk`
--

INSERT INTO `zawartosc_koszyk` (`IdKoszyka`, `KodCukierka`, `Ilosc`) VALUES
('JESI', 'B01', 2),
('JESI', 'M05', 1),
('JESI', 'M08', 1),
('JESI', 'S04', 2),
('LATO', 'M01', 1),
('LATO', 'S03', 1),
('LATO', 'S05', 1),
('LATO', 'S08', 1),
('WIOS', 'G02', 1),
('WIOS', 'G04', 1),
('WIOS', 'G09', 1),
('WIOS', 'M06', 1),
('WIOS', 'M10', 1),
('WIOS', 'M14', 1),
('WIOS', 'S07', 1);

-- --------------------------------------------------------

--
-- Struktura tabeli dla tabeli `zawartosc_pudelko`
--

CREATE TABLE `zawartosc_pudelko` (
  `IdPudelka` varchar(4) NOT NULL,
  `KodCukierka` varchar(3) NOT NULL,
  `Ilosc` int(2) DEFAULT NULL
) ENGINE=InnoDB DEFAULT CHARSET=utf8 COLLATE=utf8_general_ci;

--
-- Dumping data for table `zawartosc_pudelko`
--

INSERT INTO `zawartosc_pudelko` (`IdPudelka`, `KodCukierka`, `Ilosc`) VALUES
('ALPY', 'M01', 5),
('ALPY', 'M12', 4),
('ALPY', 'S02', 4),
('ALPY', 'S04', 5),
('DELI', 'M04', 18),
('FANT', 'K01', 9),
('FANT', 'K02', 9),
('GORZ', 'S02', 5),
('GORZ', 'S04', 5),
('GORZ', 'S05', 5),
('GORZ', 'S06', 5),
('GORZ', 'S07', 4),
('INTE', 'G09', 6),
('INTE', 'M05', 6),
('KREM', 'M04', 6),
('KREM', 'M06', 6),
('KREM', 'S01', 6),
('MARC', 'B01', 3),
('MARC', 'G11', 3),
('MARC', 'M05', 3),
('MARC', 'M08', 3),
('MARC', 'M16', 3),
('MARC', 'S03', 3),
('NIEZ', 'G06', 2),
('NIEZ', 'M14', 2),
('NIEZ', 'M15', 2),
('NIEZ', 'M16', 3),
('NIEZ', 'S08', 3),
('PACY', 'B02', 3),
('PACY', 'G04', 3),
('PACY', 'M17', 3),
('PACY', 'M18', 3),
('POLN', 'B01', 4),
('POLN', 'B02', 4),
('POLN', 'G09', 4),
('POLN', 'M05', 4),
('POLN', 'M10', 4),
('POLN', 'S01', 4),
('SERC', 'B03', 4),
('SERC', 'G02', 4),
('SERC', 'M06', 4),
('SGOR', 'M01', 2),
('SGOR', 'M09', 2),
('SGOR', 'M11', 2),
('SGOR', 'M12', 2),
('SGOR', 'M13', 2),
('SGOR', 'S02', 2),
('SGOR', 'S04', 3),
('SGOR', 'S05', 3),
('SGOR', 'S06', 3),
('SGOR', 'S07', 3),
('SUPR', 'G01', 2),
('SUPR', 'G03', 2),
('SUPR', 'G06', 2),
('SUPR', 'M02', 2),
('SUPR', 'M03', 2),
('WISN', 'G07', 4),
('WISN', 'M11', 4),
('WISN', 'S07', 4),
('WYSP', 'B02', 6),
('WYSP', 'M08', 6),
('WYSP', 'M15', 6);

-- --------------------------------------------------------

--
-- Struktura widoku `v_imiona`
--
DROP TABLE IF EXISTS `v_imiona`;

CREATE ALGORITHM=UNDEFINED DEFINER=`root`@`localhost` SQL SECURITY DEFINER VIEW `v_imiona`  AS SELECT `klienci`.`Imie` AS `imie`, `klienci`.`Nazwisko` AS `nazwisko`, `klienci`.`Miasto` AS `miasto` FROM `klienci` WHERE `klienci`.`Miasto` in ('Augustów','Bydgoszcz','Gdańsk','Częstochowa') ;

-- --------------------------------------------------------

--
-- Struktura widoku `v_zam`
--
DROP TABLE IF EXISTS `v_zam`;

CREATE ALGORITHM=UNDEFINED DEFINER=`root`@`localhost` SQL SECURITY DEFINER VIEW `v_zam`  AS SELECT `klienci`.`Imie` AS `imie`, `klienci`.`Nazwisko` AS `nazwisko`, count(`zamowienia`.`NumerZamowienia`) AS `zamowienia` FROM (`zamowienia` join `klienci` on(`zamowienia`.`NumerKlienta` = `klienci`.`NumerKlienta`)) GROUP BY `zamowienia`.`NumerKlienta` ;

--
-- Indeksy dla zrzutów tabel
--

--
-- Indeksy dla tabeli `cukierki`
--
ALTER TABLE `cukierki`
  ADD PRIMARY KEY (`KodCukierka`);

--
-- Indeksy dla tabeli `dostawcy`
--
ALTER TABLE `dostawcy`
  ADD PRIMARY KEY (`Numer_przewoznika`);

--
-- Indeksy dla tabeli `klienci`
--
ALTER TABLE `klienci`
  ADD PRIMARY KEY (`NumerKlienta`);

--
-- Indeksy dla tabeli `klienci_kredyt`
--
ALTER TABLE `klienci_kredyt`
  ADD PRIMARY KEY (`NumerKlienta`);

--
-- Indeksy dla tabeli `koszyki`
--
ALTER TABLE `koszyki`
  ADD PRIMARY KEY (`IdKoszyka`);

--
-- Indeksy dla tabeli `pracownicy`
--
ALTER TABLE `pracownicy`
  ADD PRIMARY KEY (`NumerPracownika`);

--
-- Indeksy dla tabeli `pudelka`
--
ALTER TABLE `pudelka`
  ADD PRIMARY KEY (`IdPudelka`);

--
-- Indeksy dla tabeli `szczegoly_zamowien`
--
ALTER TABLE `szczegoly_zamowien`
  ADD KEY `NumerZamowienia` (`NumerZamowienia`),
  ADD KEY `KodPudelka` (`IdPudelka`);

--
-- Indeksy dla tabeli `wysylka`
--
ALTER TABLE `wysylka`
  ADD PRIMARY KEY (`NumerPrzewoznika`,`WojRegionWysylki`);

--
-- Indeksy dla tabeli `zamowienia`
--
ALTER TABLE `zamowienia`
  ADD PRIMARY KEY (`NumerZamowienia`),
  ADD KEY `NumerPracownika` (`NumerPracownika`),
  ADD KEY `NumerKlienta` (`NumerKlienta`),
  ADD KEY `NumerPracownika_2` (`NumerPracownika`),
  ADD KEY `NumerPrzewoznika` (`NumerPrzewoznika`),
  ADD KEY `WojRegionOdbiorcy` (`WojRegionOdbiorcy`);

--
-- Indeksy dla tabeli `zawartosc_koszyk`
--
ALTER TABLE `zawartosc_koszyk`
  ADD PRIMARY KEY (`IdKoszyka`,`KodCukierka`),
  ADD KEY `KodCukierka` (`KodCukierka`);

--
-- Indeksy dla tabeli `zawartosc_pudelko`
--
ALTER TABLE `zawartosc_pudelko`
  ADD PRIMARY KEY (`IdPudelka`,`KodCukierka`),
  ADD KEY `KodCukierka` (`KodCukierka`);

--
-- AUTO_INCREMENT for dumped tables
--

--
-- AUTO_INCREMENT for table `klienci`
--
ALTER TABLE `klienci`
  MODIFY `NumerKlienta` int(11) NOT NULL AUTO_INCREMENT, AUTO_INCREMENT=2007;

--
-- Constraints for dumped tables
--

--
-- Constraints for table `szczegoly_zamowien`
--
ALTER TABLE `szczegoly_zamowien`
  ADD CONSTRAINT `szczegoly_zamowien_ibfk_1` FOREIGN KEY (`NumerZamowienia`) REFERENCES `zamowienia` (`NumerZamowienia`) ON DELETE NO ACTION ON UPDATE CASCADE,
  ADD CONSTRAINT `szczegoly_zamowien_ibfk_2` FOREIGN KEY (`IdPudelka`) REFERENCES `pudelka` (`IdPudelka`) ON DELETE NO ACTION ON UPDATE CASCADE;

--
-- Constraints for table `zamowienia`
--
ALTER TABLE `zamowienia`
  ADD CONSTRAINT `zamowienia_ibfk_2` FOREIGN KEY (`NumerPracownika`) REFERENCES `pracownicy` (`NumerPracownika`) ON DELETE NO ACTION ON UPDATE CASCADE,
  ADD CONSTRAINT `zamowienia_ibfk_3` FOREIGN KEY (`NumerPrzewoznika`) REFERENCES `wysylka` (`NumerPrzewoznika`) ON DELETE NO ACTION ON UPDATE CASCADE;

--
-- Constraints for table `zawartosc_koszyk`
--
ALTER TABLE `zawartosc_koszyk`
  ADD CONSTRAINT `zawartosc_koszyk_ibfk_1` FOREIGN KEY (`IdKoszyka`) REFERENCES `koszyki` (`IdKoszyka`) ON DELETE NO ACTION ON UPDATE CASCADE,
  ADD CONSTRAINT `zawartosc_koszyk_ibfk_2` FOREIGN KEY (`KodCukierka`) REFERENCES `cukierki` (`KodCukierka`) ON DELETE NO ACTION ON UPDATE CASCADE;

--
-- Constraints for table `zawartosc_pudelko`
--
ALTER TABLE `zawartosc_pudelko`
  ADD CONSTRAINT `zawartosc_pudelko_ibfk_1` FOREIGN KEY (`IdPudelka`) REFERENCES `pudelka` (`IdPudelka`) ON DELETE NO ACTION ON UPDATE CASCADE,
  ADD CONSTRAINT `zawartosc_pudelko_ibfk_2` FOREIGN KEY (`KodCukierka`) REFERENCES `cukierki` (`KodCukierka`) ON DELETE NO ACTION ON UPDATE CASCADE;
COMMIT;

/*!40101 SET CHARACTER_SET_CLIENT=@OLD_CHARACTER_SET_CLIENT */;
/*!40101 SET CHARACTER_SET_RESULTS=@OLD_CHARACTER_SET_RESULTS */;
/*!40101 SET COLLATION_CONNECTION=@OLD_COLLATION_CONNECTION */;
